Rk,Player,Pos,Age,Tm,G,MP,PER,TS%,3PAr,FTr,ORB%,DRB%,TRB%,AST%,STL%,BLK%,TOV%,USG%,,OWS,DWS,WS,WS/48,,OBPM,DBPM,BPM,VORP,Player-additional
1,Precious Achiuwa,C-PF,24,TOT,45,895,14.1,.523,.229,.185,12.5,20.4,16.5,9.4,1.5,3.0,12.2,17.2,,0.4,1.2,1.6,.086,,-2.0,0.2,-1.9,0.0,achiupr01
1,Precious Achiuwa,C,24,TOR,25,437,15.0,.512,.276,.247,12.5,22.2,17.2,14.2,1.8,2.4,13.3,21.4,,0.0,0.5,0.5,.054,,-1.5,-0.1,-1.6,0.0,achiupr01
1,Precious Achiuwa,PF,24,NYK,20,458,13.2,.538,.164,.098,12.6,18.8,15.7,4.7,1.2,3.6,10.5,13.2,,0.4,0.7,1.1,.116,,-2.5,0.4,-2.1,0.0,achiupr01
2,Bam Adebayo,C,26,MIA,42,1450,19.3,.568,.017,.428,7.1,27.7,17.2,19.4,1.4,2.8,12.0,25.9,,1.4,2.4,3.8,.126,,0.3,1.3,1.6,1.3,adebaba01
3,Ochai Agbaji,SG,23,UTA,51,1003,8.0,.531,.570,.080,3.9,9.8,6.9,6.0,1.3,2.5,11.7,12.1,,0.1,0.6,0.6,.030,,-2.7,-0.3,-3.0,-0.2,agbajoc01
4,Santi Aldama,PF,23,MEM,40,975,13.2,.541,.523,.152,5.1,21.0,12.7,12.5,1.3,2.6,10.5,19.4,,0.0,1.3,1.3,.064,,-0.6,0.4,-0.2,0.5,aldamsa01
5,Nickeil Alexander-Walker,SG,25,MIN,52,1197,9.6,.553,.662,.123,2.2,7.0,4.7,14.7,1.8,1.9,13.1,13.5,,0.5,1.9,2.4,.097,,-2.0,1.9,-0.1,0.6,alexani01
6,Grayson Allen,SG,28,PHO,46,1514,13.7,.699,.622,.224,2.4,11.0,7.0,12.6,1.3,1.7,13.0,13.9,,2.8,1.3,4.1,.131,,1.0,0.0,1.0,1.1,allengr01
7,Jarrett Allen,C,25,CLE,45,1370,22.0,.672,.007,.379,13.0,24.9,19.1,13.4,1.3,3.5,13.5,18.9,,3.8,2.7,6.4,.225,,1.8,1.7,3.5,1.9,allenja01
8,Jose Alvarado,PG,25,NOP,33,538,13.6,.549,.588,.180,2.7,11.5,7.1,15.0,3.1,1.8,9.9,18.5,,0.3,0.8,1.1,.102,,-1.0,1.8,0.8,0.4,alvarjo01
9,Kyle Anderson,PF,30,MIN,52,1137,12.2,.522,.117,.355,4.4,13.2,9.1,24.4,1.8,2.2,17.7,14.4,,0.7,2.0,2.7,.115,,-1.6,2.7,1.0,0.9,anderky01
10,Giannis Antetokounmpo,PF,29,MIL,50,1764,29.2,.647,.095,.589,8.3,26.0,17.4,30.6,1.8,2.5,13.0,33.2,,6.0,2.4,8.4,.229,,6.2,2.0,8.1,4.5,antetgi01
11,Thanasis Antetokounmpo,PF,31,MIL,20,83,3.3,.500,.000,.000,5.5,5.1,5.3,13.2,1.1,2.9,36.0,12.8,,-0.1,0.1,-0.1,-0.051,,-8.1,-1.1,-9.2,-0.2,antetth01
12,Cole Anthony,PG,23,ORL,51,1173,14.3,.551,.348,.352,4.3,15.6,9.9,20.4,1.8,1.7,14.1,23.7,,0.5,1.7,2.2,.090,,-1.1,0.6,-0.5,0.5,anthoco01
13,OG Anunoby,SF,26,TOT,41,1400,13.4,.609,.475,.176,3.1,10.5,6.8,9.3,1.9,1.8,10.7,17.6,,1.3,1.3,2.6,.088,,-0.6,0.5,-0.2,0.6,anunoog01
13,OG Anunoby,SF,26,TOR,27,900,12.5,.598,.508,.143,2.9,10.3,6.5,11.2,1.5,1.3,11.2,18.3,,0.5,0.5,1.1,.058,,-1.0,-0.6,-1.6,0.1,anunoog01
13,OG Anunoby,SF,26,NYK,14,500,15.0,.630,.408,.242,3.3,11.0,7.2,5.9,2.5,2.8,9.9,16.4,,0.7,0.8,1.5,.141,,0.0,2.4,2.4,0.6,anunoog01
14,Ryan Arcidiacono,PG,29,NYK,20,45,-1.9,.000,1.000,.000,0.0,19.6,9.8,10.2,2.2,0.0,25.0,7.6,,-0.1,0.1,-0.1,-0.084,,-11.8,2.0,-9.8,-0.1,arcidry01
15,Deni Avdija,SF,23,WAS,50,1366,14.6,.596,.283,.320,3.8,20.5,12.0,19.1,1.4,1.2,15.0,19.1,,1.0,0.9,2.0,.069,,-0.9,-0.1,-1.0,0.3,avdijde01
16,Deandre Ayton,C,25,POR,34,1083,16.2,.575,.000,.121,10.2,27.0,18.1,8.3,1.5,2.1,12.8,18.4,,0.7,1.2,1.9,.086,,-1.3,-0.3,-1.6,0.1,aytonde01
17,Udoka Azubuike,C,24,PHO,13,103,13.6,.652,.000,.500,13.1,21.1,17.3,4.0,0.0,5.1,13.0,13.0,,0.1,0.1,0.3,.118,,-2.5,-0.2,-2.8,0.0,azubuud01
18,Ibou Badji,C,21,POR,14,173,8.6,.595,.000,.400,11.1,18.1,14.4,7.6,0.6,9.9,40.5,7.3,,0.0,0.2,0.2,.048,,-7.8,2.3,-5.5,-0.1,badjiib01
19,Marvin Bagley III,C,24,TOT,34,670,19.0,.639,.035,.407,12.8,17.9,15.3,8.7,0.7,2.1,12.9,22.0,,1.3,0.3,1.6,.111,,0.6,-1.7,-1.1,0.1,baglema01
19,Marvin Bagley III,C,24,DET,26,478,18.0,.638,.033,.337,10.7,17.3,13.9,8.7,0.5,2.4,12.2,21.0,,0.9,0.2,1.0,.104,,0.4,-1.6,-1.2,0.1,baglema01
19,Marvin Bagley III,C,24,WAS,8,192,21.3,.643,.039,.571,18.0,19.2,18.6,8.7,1.2,1.3,14.2,24.6,,0.4,0.1,0.5,.131,,1.0,-1.9,-0.8,0.1,baglema01
20,Amari Bailey,PG,19,CHO,2,11,3.6,.363,.333,.333,19.3,0.0,10.2,0.0,0.0,0.0,12.7,31.1,,-0.1,0.0,-0.1,-0.252,,-5.6,-8.4,-14.0,0.0,baileam01
21,Patrick Baldwin Jr.,SF,21,WAS,17,123,9.8,.540,.537,.293,6.0,25.6,15.6,7.4,0.4,2.0,11.5,17.9,,0.0,0.1,0.1,.027,,-3.8,-1.7,-5.4,-0.1,baldwpa01
22,LaMelo Ball,PG,22,CHO,22,711,20.5,.561,.466,.246,4.3,14.1,8.9,41.9,2.7,0.5,15.0,33.7,,0.5,0.4,0.9,.064,,3.6,-0.6,3.0,0.9,ballla01
23,Mo Bamba,C,25,PHI,29,293,17.9,.577,.247,.269,15.4,24.2,19.8,7.1,1.8,7.9,15.4,17.9,,0.3,0.6,0.8,.138,,-1.8,0.6,-1.2,0.1,bambamo01
24,Paolo Banchero,PF,21,ORL,52,1810,17.2,.541,.230,.411,3.8,19.3,11.4,24.2,1.5,1.4,12.4,29.8,,0.5,2.6,3.1,.082,,1.1,0.1,1.2,1.5,banchpa01
25,Desmond Bane,SG,25,MEM,37,1277,18.8,.597,.460,.201,2.8,12.1,7.3,28.1,1.4,1.4,11.6,28.8,,1.5,1.3,2.8,.105,,3.4,0.1,3.5,1.8,banede01
26,Dalano Banton,PG,24,BOS,24,171,9.7,.468,.314,.392,7.8,13.6,10.8,14.2,1.4,1.5,14.3,17.6,,0.0,0.2,0.2,.062,,-5.1,0.6,-4.4,-0.1,bantoda01
27,Dominick Barlow,PF,20,SAS,22,295,14.1,.537,.089,.354,9.4,18.2,13.7,11.9,1.4,3.5,5.2,13.7,,0.4,0.3,0.7,.108,,-1.9,0.2,-1.7,0.0,barlodo01
28,Harrison Barnes,PF,31,SAC,50,1499,11.5,.620,.552,.249,3.0,8.1,5.5,5.4,1.2,0.5,7.0,15.0,,1.8,0.9,2.7,.085,,-0.9,-1.3,-2.2,-0.1,barneha02
29,Scottie Barnes,SG,22,TOR,51,1798,19.3,.574,.331,.272,6.8,18.4,12.5,24.2,1.7,3.6,13.2,24.7,,2.2,1.9,4.0,.108,,2.8,0.8,3.6,2.5,barnesc01
30,RJ Barrett,SG,23,TOT,41,1280,15.6,.568,.313,.326,2.9,15.9,9.3,14.0,0.8,1.1,9.7,25.8,,1.1,1.1,2.3,.085,,0.2,-1.4,-1.1,0.3,barrerj01
30,RJ Barrett,SG,23,NYK,26,766,14.1,.536,.335,.320,2.8,13.2,8.0,12.5,0.8,1.1,9.6,27.2,,0.4,0.8,1.1,.071,,-0.6,-1.6,-2.2,0.0,barrerj01
30,RJ Barrett,SG,23,TOR,15,514,17.8,.625,.275,.338,3.2,19.7,11.3,16.2,0.9,1.2,9.9,23.6,,0.8,0.4,1.1,.107,,1.5,-1.0,0.5,0.3,barrerj01
31,Charles Bassey,C,23,SAS,19,205,17.6,.739,.025,.150,12.0,28.4,20.0,14.0,1.8,7.1,26.0,11.8,,0.3,0.3,0.6,.147,,-2.0,3.0,1.0,0.2,bassech01
32,Emoni Bates,SF,20,CLE,10,76,3.7,.348,.800,.080,1.5,12.8,7.3,9.8,0.6,2.4,3.7,15.3,,-0.1,0.1,0.0,-0.015,,-5.4,-0.7,-6.1,-0.1,batesem01
33,Keita Bates-Diop,SF,28,PHO,39,597,11.3,.525,.427,.240,6.2,12.9,9.7,7.3,1.8,3.0,7.3,13.0,,0.4,0.7,1.1,.085,,-1.5,0.2,-1.3,0.1,bateske01
34,Nicolas Batum,PF,35,TOT,34,846,11.5,.684,.719,.104,5.5,11.6,8.6,11.6,1.3,2.6,13.0,8.2,,1.4,0.8,2.2,.127,,0.0,0.7,0.7,0.6,batumni01
34,Nicolas Batum,PF,35,LAC,3,54,9.7,.500,.875,.000,0.0,14.2,7.4,11.0,2.7,6.7,11.1,7.3,,0.0,0.1,0.1,.098,,-1.5,4.4,2.8,0.1,batumni01
34,Nicolas Batum,PF,35,PHI,31,792,11.6,.695,.709,.110,5.8,11.5,8.6,11.6,1.2,2.3,13.1,8.2,,1.4,0.7,2.1,.129,,0.1,0.5,0.6,0.5,batumni01
35,Bradley Beal,SG,30,PHO,28,940,14.8,.580,.314,.215,3.0,11.3,7.4,20.7,1.3,0.8,13.5,24.2,,0.7,0.7,1.4,.073,,-0.8,-1.5,-2.4,-0.1,bealbr01
36,Malik Beasley,SG,27,MIL,50,1483,10.7,.624,.724,.055,2.6,11.9,7.4,6.0,1.2,0.3,7.6,13.9,,1.5,0.9,2.4,.077,,-0.6,-0.9,-1.5,0.2,beaslma01
37,MarJon Beauchamp,SF,23,MIL,37,546,8.6,.577,.454,.142,4.1,12.7,8.6,6.7,1.0,0.9,13.8,13.5,,0.1,0.3,0.4,.039,,-2.7,-1.1,-3.8,-0.2,beaucma01
38,Jules Bernard,SG,24,WAS,6,28,3.6,.292,.667,.000,7.5,11.6,9.5,22.5,1.7,2.9,14.3,21.1,,-0.1,0.0,-0.1,-0.152,,-7.2,-1.2,-8.4,0.0,bernaju01
39,Dāvis Bertāns,PF,31,OKC,15,91,17.2,.675,.923,.577,2.6,9.4,6.2,12.2,1.6,3.1,3.0,16.1,,0.3,0.1,0.4,.227,,3.1,0.8,3.9,0.1,bertada01
40,Patrick Beverley,PG,35,PHI,47,919,11.5,.547,.452,.261,3.6,13.9,8.7,20.5,1.3,1.7,15.4,14.7,,0.7,0.9,1.6,.083,,-1.5,0.0,-1.5,0.1,beverpa01
41,Saddiq Bey,SF,24,ATL,50,1620,12.8,.551,.523,.288,8.4,13.8,11.0,5.7,1.3,0.3,6.7,16.3,,2.1,0.4,2.6,.076,,-0.1,-1.9,-2.0,0.0,beysa01
42,Goga Bitadze,C,24,ORL,43,815,18.3,.641,.056,.380,13.3,22.2,17.7,11.7,1.6,7.0,13.3,12.7,,1.7,1.6,3.3,.195,,-0.2,2.9,2.7,1.0,bitadgo01
43,Onuralp Bitim,SG,24,CHI,1,3,0.0,,,,0.0,0.0,0.0,0.0,0.0,0.0,,0.0,,0.0,0.0,0.0,.003,,-7.4,-3.4,-10.8,0.0,bitimon01
44,Bismack Biyombo,C,31,MEM,30,718,9.9,.560,.000,.387,8.4,21.3,14.6,10.0,0.7,4.4,21.4,10.6,,0.1,0.9,1.0,.069,,-4.9,1.6,-3.2,-0.2,biyombi01
45,Anthony Black,PG,20,ORL,48,880,8.8,.587,.358,.347,3.1,10.8,6.9,11.8,1.4,1.8,17.2,12.0,,0.3,1.1,1.4,.079,,-3.7,1.1,-2.6,-0.1,blackan01
46,Leaky Black,SF,24,CHO,21,188,10.7,.544,.405,.324,4.0,15.8,9.6,11.2,1.3,2.9,6.6,10.4,,0.2,0.1,0.3,.065,,-2.5,-0.3,-2.8,0.0,blackle01
47,Bogdan Bogdanović,SG,31,ATL,49,1413,15.2,.568,.600,.140,2.0,10.3,6.0,13.6,2.1,0.7,7.0,22.9,,1.9,0.6,2.5,.084,,1.1,-0.6,0.4,0.9,bogdabo01
48,Bojan Bogdanović,PF,34,DET,28,921,13.9,.600,.487,.245,1.6,10.1,5.8,11.7,1.2,0.4,11.8,24.5,,0.5,0.2,0.7,.036,,0.3,-2.5,-2.2,0.0,bogdabo02
49,Bol Bol,PF,24,PHO,15,133,18.9,.734,.263,.132,10.2,24.5,17.8,7.6,1.5,6.0,18.3,16.1,,0.2,0.2,0.4,.160,,0.1,1.5,1.6,0.1,bolbo01
50,Marques Bolden,C,25,MIL,2,3,3.1,,,,0.0,71.1,36.6,0.0,0.0,0.0,,0.0,,0.0,0.0,0.0,.096,,-8.0,2.3,-5.7,0.0,boldema01
51,Devin Booker,PG,27,PHO,42,1515,22.7,.618,.303,.354,2.3,12.2,7.6,32.1,1.2,1.0,10.3,30.3,,4.7,1.2,5.9,.186,,4.3,-1.1,3.2,2.0,bookede01
52,Brandon Boston Jr.,SF,22,LAC,14,105,10.7,.506,.340,.200,7.9,7.3,7.6,6.7,0.9,1.7,8.4,24.6,,0.0,0.1,0.1,.030,,-4.0,-3.2,-7.2,-0.1,bostobr01
53,Chris Boucher,PF,31,TOR,45,630,15.3,.604,.444,.399,9.3,23.1,16.1,4.1,1.0,2.8,8.6,17.4,,0.9,0.6,1.5,.115,,-0.7,-1.4,-2.1,0.0,bouchch01
54,James Bouknight,SG,23,CHO,14,81,15.7,.597,.732,.049,1.3,11.8,6.2,11.8,0.6,1.1,4.6,23.5,,0.1,0.0,0.1,.058,,4.3,-2.3,2.0,0.1,bouknja01
55,Jamaree Bouyea,PG,24,POR,6,57,-4.8,.238,.381,.000,3.7,16.9,9.9,19.3,0.0,0.0,27.6,21.6,,-0.4,0.0,-0.4,-0.300,,-13.1,-4.9,-18.0,-0.2,bouyeja01
56,Malaki Branham,PG,20,SAS,47,949,7.9,.505,.401,.080,1.6,9.1,5.3,15.5,0.9,0.5,12.9,18.5,,-0.8,0.3,-0.5,-0.025,,-4.2,-2.1,-6.3,-1.0,branhma01
57,Christian Braun,SG,22,DEN,52,972,11.3,.540,.316,.289,4.8,15.7,10.3,9.6,1.0,1.7,9.6,16.4,,0.6,1.0,1.6,.078,,-2.2,-0.6,-2.9,-0.2,braunch01
58,Mikal Bridges,SF,27,BRK,51,1801,16.1,.574,.406,.281,2.5,12.7,7.5,16.2,1.3,1.1,10.6,25.9,,1.6,1.3,2.8,.075,,1.2,-1.1,0.1,0.9,bridgmi01
59,Miles Bridges,SF,25,CHO,39,1450,16.0,.566,.376,.176,2.6,20.2,10.9,14.0,1.3,1.4,9.3,24.9,,0.7,0.7,1.3,.044,,0.5,-1.4,-0.8,0.4,bridgmi02
60,Oshae Brissett,SF,25,BOS,33,369,13.4,.562,.404,.457,10.5,16.7,13.7,7.7,1.7,0.5,8.9,14.4,,0.6,0.6,1.1,.148,,-1.5,0.7,-0.7,0.1,brissos01
61,Malcolm Brogdon,PG,31,POR,39,1121,16.9,.560,.401,.234,2.7,12.9,7.5,30.8,1.2,0.6,9.9,23.0,,1.8,0.6,2.5,.106,,2.6,-0.7,1.9,1.1,brogdma01
62,Armoni Brooks,PG,25,BRK,10,104,8.1,.448,.696,.043,7.0,11.8,9.3,6.6,0.5,0.9,6.0,20.5,,-0.1,0.0,0.0,-0.021,,-2.2,-3.6,-5.8,-0.1,brookar01
63,Dillon Brooks,SF,28,HOU,41,1276,10.4,.580,.440,.211,2.5,9.5,6.0,7.4,1.5,0.3,10.5,18.3,,0.5,1.4,1.9,.073,,-3.0,0.2,-2.8,-0.2,brookdi01
64,Bruce Brown,SG-PG,27,TOT,43,1246,12.1,.566,.306,.243,3.3,15.3,9.3,12.2,1.7,1.0,10.6,16.4,,1.0,0.8,1.8,.068,,-1.9,-0.6,-2.4,-0.1,brownbr01
64,Bruce Brown,SG,27,IND,33,981,12.0,.568,.322,.261,2.9,15.1,9.0,12.4,1.7,0.6,10.5,16.6,,0.8,0.5,1.4,.066,,-1.8,-0.6,-2.4,-0.1,brownbr01
64,Bruce Brown,PG,27,TOR,10,265,12.5,.556,.247,.173,4.9,15.7,10.2,11.7,1.8,2.3,11.2,15.9,,0.2,0.2,0.4,.074,,-2.3,-0.3,-2.6,0.0,brownbr01
65,Charlie Brown Jr.,SG,26,NYK,5,29,-2.7,.333,.667,.000,3.8,3.8,3.8,0.0,0.0,6.4,18.2,16.1,,-0.1,0.0,-0.1,-0.121,,-10.7,-2.9,-13.6,-0.1,brownch02
66,Greg Brown III,PF,22,DAL,6,40,10.4,.501,.273,.818,8.2,16.7,12.4,13.1,0.0,8.8,21.1,20.3,,-0.1,0.0,0.0,-0.011,,-4.9,0.5,-4.3,0.0,browngr01
67,Jaylen Brown,SF,27,BOS,47,1561,18.0,.577,.330,.244,3.5,13.3,8.7,18.0,1.6,1.6,11.0,27.9,,1.6,2.3,3.9,.119,,0.6,0.3,0.9,1.1,brownja02
68,Kendall Brown,SG,20,IND,5,20,14.0,.579,.167,1.000,11.4,0.0,5.7,12.1,0.0,0.0,0.0,18.0,,0.1,0.0,0.1,.152,,-0.1,-2.3,-2.4,0.0,brownke03
69,Kobe Brown,PF,24,LAC,31,274,5.8,.477,.639,.033,3.9,13.2,8.7,7.6,1.1,1.0,7.5,10.6,,0.0,0.2,0.3,.050,,-4.5,0.3,-4.2,-0.1,brownko01
70,Moses Brown,C,24,POR,9,82,12.8,.395,.000,.190,23.4,41.0,31.7,3.5,1.2,3.3,14.9,13.9,,0.0,0.1,0.1,.047,,-4.8,-2.3,-7.1,-0.1,brownmo01
71,Troy Brown Jr.,SF,24,MIN,37,410,11.6,.603,.712,.186,4.2,15.2,10.1,11.7,1.0,0.4,12.4,15.7,,0.4,0.6,1.0,.119,,-0.3,0.6,0.4,0.2,browntr01
72,Jalen Brunson,PG,27,NYK,49,1754,22.0,.596,.323,.306,1.8,10.2,6.0,30.3,1.3,0.5,9.2,29.9,,5.2,1.8,7.0,.191,,5.1,-0.2,4.9,3.1,brunsja01
73,Thomas Bryant,C,26,MIA,25,259,15.1,.611,.052,.286,10.7,23.1,16.8,8.9,1.1,1.9,14.8,17.4,,0.3,0.4,0.6,.119,,-2.3,-0.5,-2.8,-0.1,bryanth01
74,Kobe Bufkin,SG,20,ATL,3,6,18.5,.410,.500,.500,17.4,37.6,27.1,22.6,0.0,0.0,0.0,33.3,,0.0,0.0,0.0,.065,,0.9,-4.8,-3.9,0.0,bufkiko01
75,Reggie Bullock,SF,32,HOU,20,180,8.0,.554,.738,.024,1.8,15.0,8.4,7.3,1.1,1.0,10.5,11.3,,0.0,0.2,0.2,.066,,-2.5,0.1,-2.5,0.0,bullore01
76,Alec Burks,SG,32,DET,43,901,14.9,.581,.608,.330,2.0,12.0,6.9,10.8,1.1,1.0,6.4,23.3,,1.3,0.2,1.6,.085,,1.3,-1.8,-0.5,0.3,burksal01
77,Jared Butler,SG,23,WAS,17,128,21.1,.689,.480,.300,0.0,9.3,4.6,35.5,2.9,1.3,15.0,21.9,,0.4,0.1,0.4,.168,,3.0,0.5,3.6,0.2,butleja02
78,Jimmy Butler,PF,34,MIA,37,1254,22.4,.631,.169,.601,6.7,11.6,9.1,21.7,1.9,0.9,9.1,24.3,,4.0,1.5,5.5,.211,,4.2,0.4,4.6,2.1,butleji01
79,Jamal Cain,PF,24,MIA,14,209,11.5,.538,.379,.288,6.4,9.3,7.8,2.1,2.1,1.9,5.1,16.6,,0.1,0.3,0.4,.083,,-2.6,0.1,-2.5,0.0,cainja01
80,Kentavious Caldwell-Pope,SG,30,DEN,49,1587,10.2,.584,.485,.226,1.5,6.5,4.0,8.9,2.1,1.2,10.3,13.1,,1.2,1.6,2.8,.085,,-2.5,0.5,-2.0,0.0,caldwke01
81,Toumani Camara,PF,23,POR,50,1193,9.6,.516,.415,.237,8.3,14.8,11.4,5.7,2.1,1.7,14.5,13.8,,-0.1,1.1,1.0,.040,,-4.1,0.2,-3.9,-0.6,camarto01
82,Clint Capela,C,29,ATL,47,1209,20.8,.595,.000,.332,19.4,25.3,22.2,5.3,1.1,5.2,8.1,16.7,,3.0,1.1,4.1,.163,,1.2,-1.3,-0.1,0.6,capelca01
83,Jevon Carter,PG,28,CHI,50,680,7.9,.479,.642,.019,0.8,5.2,3.0,12.2,1.8,1.8,9.2,19.0,,-0.6,0.6,0.0,-0.002,,-3.7,-0.6,-4.3,-0.4,carteje01
84,Wendell Carter Jr.,C,24,ORL,26,678,15.2,.632,.373,.358,8.3,21.3,14.7,9.3,0.9,1.6,11.4,16.7,,1.1,0.9,2.1,.146,,0.4,0.1,0.5,0.4,cartewe01
85,Alex Caruso,SG,29,CHI,45,1212,14.4,.624,.609,.220,3.9,11.9,7.8,14.7,2.5,4.2,14.9,15.0,,1.4,1.7,3.0,.120,,0.1,2.2,2.3,1.3,carusal01
86,Colin Castleton,C,23,LAL,5,32,19.1,.743,.000,.444,14.4,16.7,15.6,13.4,0.0,0.0,8.5,15.8,,0.1,0.0,0.2,.238,,0.1,-1.8,-1.7,0.0,castlco01
87,Malcolm Cazalon,SG,22,DET,1,3,0.0,,,,0.0,0.0,0.0,0.0,0.0,0.0,,0.0,,0.0,0.0,0.0,-0.019,,-6.0,-3.1,-9.1,0.0,cazalma01
88,Julian Champagnie,SF,22,SAS,45,748,11.1,.573,.724,.210,3.4,12.8,8.0,8.8,1.7,3.0,11.4,14.8,,0.2,0.6,0.8,.054,,-1.5,-0.3,-1.8,0.0,champju02
89,Max Christie,SG,20,LAL,43,740,7.6,.539,.486,.200,1.6,14.8,8.5,7.4,1.0,1.7,13.3,13.5,,-0.3,0.7,0.4,.025,,-4.1,-0.4,-4.5,-0.5,chrisma02
90,Sidy Cissoko,SF,19,SAS,5,32,5.4,.387,.667,.667,0.0,20.6,10.1,0.0,4.4,0.0,11.4,11.5,,-0.1,0.0,0.0,-0.015,,-9.3,0.4,-8.9,-0.1,cissosi01
91,Jordan Clarkson,SG,31,UTA,43,1289,12.4,.522,.376,.250,3.4,8.8,6.2,23.9,0.9,0.3,14.2,26.7,,-0.1,0.3,0.3,.010,,-1.4,-3.1,-4.5,-0.8,clarkjo01
92,Nic Claxton,C,24,BRK,41,1218,19.4,.628,.009,.314,10.4,27.4,18.6,9.4,1.1,7.0,11.0,15.7,,2.1,1.9,4.0,.159,,0.0,1.6,1.6,1.1,claxtni01
93,Noah Clowney,PF,19,BRK,5,57,16.9,.662,.176,.353,11.0,11.7,11.3,10.1,0.0,1.6,9.2,16.2,,0.2,0.0,0.2,.157,,-0.2,-2.3,-2.5,0.0,clownno01
94,Amir Coffey,SF,26,LAC,38,659,11.4,.704,.493,.261,2.3,8.1,5.3,5.6,1.3,0.7,8.7,11.4,,1.2,0.5,1.7,.121,,-0.9,-0.2,-1.1,0.1,coffeam01
95,John Collins,PF,26,UTA,49,1360,16.1,.604,.322,.213,8.9,23.0,16.0,5.5,1.0,2.6,10.2,19.8,,1.7,1.2,2.9,.104,,-0.3,-1.2,-1.5,0.2,collijo01
96,Zach Collins,C,26,SAS,40,993,13.2,.564,.338,.254,7.7,16.6,12.1,18.3,1.0,2.4,16.7,21.6,,0.1,0.7,0.8,.038,,-2.4,-0.7,-3.0,-0.3,colliza01
97,Mike Conley,PG,36,MIN,47,1373,15.3,.620,.651,.155,1.3,9.2,5.5,30.5,1.6,0.6,10.9,14.7,,3.4,2.1,5.4,.190,,2.0,1.4,3.4,1.9,conlemi01
98,Pat Connaughton,SF,31,MIL,46,979,9.4,.602,.711,.149,3.2,12.5,8.0,11.0,1.1,0.7,11.9,10.2,,1.0,0.6,1.6,.078,,-1.3,-0.2,-1.4,0.1,connapa01
99,Bilal Coulibaly,SF,19,WAS,49,1306,8.9,.562,.402,.275,3.0,13.0,7.9,8.3,1.5,2.4,16.3,13.6,,-0.4,0.7,0.3,.013,,-3.7,-0.5,-4.2,-0.7,coulibi01
100,Ricky Council IV,SG,22,PHI,10,59,27.3,.689,.231,.962,7.4,7.5,7.5,2.6,1.6,0.0,2.6,27.4,,0.3,0.0,0.4,.292,,6.5,-0.9,5.6,0.1,councri01
101,Robert Covington,SF-PF,33,TOT,29,488,13.4,.580,.571,.265,7.0,15.0,11.0,6.1,3.9,3.3,9.1,10.5,,0.6,0.9,1.5,.143,,-1.0,3.2,2.1,0.5,covinro01
101,Robert Covington,PF,33,LAC,3,69,10.5,.455,.889,.222,3.4,9.5,6.6,11.8,4.3,2.6,0.0,6.2,,0.1,0.1,0.2,.130,,-2.3,4.5,2.2,0.1,covinro01
101,Robert Covington,SF,33,PHI,26,419,13.9,.593,.539,.270,7.6,15.9,11.7,5.2,3.8,3.4,9.9,11.2,,0.5,0.8,1.3,.145,,-0.8,3.0,2.1,0.4,covinro01
102,Torrey Craig,SF,33,CHI,30,624,11.0,.549,.575,.163,9.3,16.7,12.9,6.4,1.4,2.0,9.9,12.8,,0.6,0.7,1.2,.095,,-2.2,-0.2,-2.4,-0.1,craigto01
103,Jae Crowder,PF,33,MIL,21,523,10.2,.600,.656,.168,1.9,13.1,7.7,8.0,1.4,0.8,6.3,11.6,,0.6,0.4,0.9,.086,,-1.0,0.1,-1.0,0.1,crowdja01
104,Cade Cunningham,PG,22,DET,41,1410,15.4,.543,.285,.241,1.3,11.9,6.5,34.1,1.4,0.8,15.1,29.9,,0.1,0.4,0.5,.017,,0.6,-2.2,-1.6,0.1,cunnica01
105,Seth Curry,SG,33,DAL,36,457,8.5,.502,.552,.131,3.6,9.0,6.3,8.5,1.8,0.6,9.4,15.8,,-0.1,0.3,0.2,.024,,-3.0,-1.0,-3.9,-0.2,curryse01
106,Stephen Curry,PG,35,GSW,46,1537,21.4,.638,.598,.269,1.5,12.4,7.0,23.3,1.1,1.1,12.2,31.4,,3.7,1.1,4.8,.150,,6.7,-1.1,5.6,2.9,curryst01
107,Dyson Daniels,PG,20,NOP,51,1112,11.5,.514,.425,.190,5.1,13.8,9.5,15.2,3.1,1.8,15.5,12.5,,0.4,1.8,2.1,.092,,-2.1,2.7,0.5,0.7,daniedy01
108,Anthony Davis,C,30,LAL,49,1763,25.4,.615,.071,.391,9.9,26.9,18.8,17.2,1.5,6.0,9.3,26.7,,4.3,3.1,7.4,.201,,3.4,1.8,5.3,3.2,davisan02
109,Johnny Davis,SG,21,WAS,23,183,6.4,.435,.119,.119,5.2,7.1,6.1,5.0,2.0,0.9,8.8,15.7,,-0.2,0.1,-0.2,-0.047,,-6.2,-2.0,-8.2,-0.3,davisjo06
110,JD Davison,SG,21,BOS,2,6,15.2,.532,1.000,2.000,18.4,16.8,17.6,0.0,0.0,0.0,0.0,13.5,,0.0,0.0,0.0,.202,,-0.7,-1.5,-2.2,0.0,davisjd01
111,Dexter Dennis,SG,24,DAL,4,30,18.1,.541,.421,.158,3.6,29.7,16.5,24.0,0.0,2.9,12.9,33.2,,0.0,0.0,0.0,-0.008,,1.9,-0.2,1.7,0.0,dennide01
112,DeMar DeRozan,SF,34,CHI,50,1873,18.6,.572,.170,.431,1.8,10.8,6.2,21.7,1.6,1.8,7.4,24.8,,3.7,1.8,5.5,.141,,1.3,0.0,1.3,1.5,derozde01
113,Moussa Diabaté,C,22,LAC,10,58,23.6,.580,.000,.667,28.5,11.3,19.6,9.3,3.4,0.0,7.9,19.0,,0.2,0.1,0.3,.250,,4.1,-1.0,3.1,0.1,diabamo01
114,Mamadi Diakite,PF,27,SAS,3,16,30.3,.785,.000,1.200,6.7,13.7,10.1,20.1,0.0,5.4,0.0,20.1,,0.1,0.0,0.1,.337,,7.7,3.6,11.3,0.1,diakima01
115,Hamidou Diallo,SG,25,WAS,2,5,33.0,.500,.000,.000,42.0,0.0,21.3,28.5,18.7,0.0,33.3,25.3,,0.0,0.0,0.0,.197,,2.4,16.0,18.4,0.0,diallha01
116,Gradey Dick,SG,20,TOR,30,435,7.9,.508,.605,.171,3.3,10.1,6.6,10.7,1.8,0.0,12.0,15.6,,-0.1,0.2,0.2,.017,,-4.3,-1.0,-5.2,-0.4,dickgr01
117,Ousmane Dieng,PF,20,OKC,26,297,10.5,.594,.640,.157,3.6,13.3,8.7,10.3,0.5,0.3,12.0,15.8,,0.2,0.3,0.5,.079,,-1.5,-1.4,-2.9,-0.1,diengou01
118,Spencer Dinwiddie,PG,30,BRK,48,1474,13.2,.530,.557,.321,1.8,10.0,5.8,26.6,1.3,0.5,9.8,18.3,,1.9,0.8,2.7,.089,,-0.5,-0.7,-1.2,0.3,dinwisp01
119,Donte DiVincenzo,SG,27,NYK,52,1267,17.2,.620,.697,.129,3.3,11.4,7.4,14.6,2.4,1.2,9.5,20.9,,2.5,1.8,4.2,.161,,3.1,1.3,4.4,2.1,divindo01
120,Luka Dončić,PG,24,DAL,44,1661,28.0,.617,.437,.391,2.2,23.7,12.8,43.3,1.9,1.4,12.3,36.2,,5.2,2.0,7.2,.207,,8.3,1.3,9.6,4.9,doncilu01
121,Luguentz Dort,SF,24,OKC,49,1399,10.9,.586,.586,.243,4.7,10.0,7.5,5.8,1.4,2.4,9.0,15.2,,1.2,1.6,2.8,.095,,-1.6,-0.2,-1.8,0.1,dortlu01
122,Ayo Dosunmu,SG,24,CHI,50,1238,12.3,.596,.409,.158,2.8,8.6,5.6,12.8,1.6,2.0,11.5,16.0,,1.1,1.1,2.2,.085,,-1.6,0.1,-1.6,0.1,dosunay01
123,Andre Drummond,C,30,CHI,52,858,23.9,.575,.006,.442,22.4,35.8,29.0,5.0,3.3,4.1,12.8,21.6,,1.3,1.9,3.3,.184,,0.9,-0.1,0.8,0.6,drumman01
124,Chris Duarte,SF,26,SAC,36,464,6.4,.484,.543,.205,3.3,12.7,7.9,8.6,1.9,0.4,12.6,14.5,,-0.3,0.4,0.1,.014,,-5.5,0.1,-5.4,-0.4,duartch01
125,Kris Dunn,PG,29,UTA,45,806,13.9,.551,.333,.097,4.4,13.3,8.9,31.3,2.6,2.4,20.9,14.0,,0.8,0.8,1.6,.097,,-0.7,1.9,1.2,0.6,dunnkr01
126,Kevin Durant,PF,35,PHO,45,1668,23.5,.649,.266,.334,1.6,17.5,10.0,25.1,1.2,3.1,12.5,29.2,,4.3,1.9,6.2,.178,,5.6,0.3,5.9,3.3,duranke01
127,Jalen Duren,C,20,DET,36,1090,19.1,.668,.009,.254,12.3,32.8,22.4,12.7,0.5,2.3,15.2,17.8,,2.2,0.8,3.0,.132,,0.5,-0.3,0.2,0.6,durenja01
128,Tari Eason,PF,22,HOU,22,480,17.1,.528,.265,.175,10.4,24.1,17.3,8.3,3.1,3.7,8.9,20.0,,0.2,1.1,1.3,.126,,-0.7,2.2,1.5,0.4,easonta01
129,Anthony Edwards,SG,22,MIN,49,1719,19.1,.587,.342,.341,2.1,14.2,8.5,24.8,1.7,1.2,13.3,31.9,,1.6,2.9,4.6,.127,,2.7,0.5,3.2,2.2,edwaran01
130,Kessler Edwards,SF,23,SAC,34,170,9.2,.512,.625,.083,3.2,14.3,8.6,6.7,1.1,2.1,2.0,12.7,,0.1,0.1,0.2,.066,,-2.0,-0.5,-2.5,0.0,edwarke02
131,Keon Ellis,SG,24,SAC,29,345,10.5,.596,.821,.202,2.9,9.4,6.0,12.7,1.9,3.2,14.9,13.3,,0.2,0.4,0.6,.081,,-1.5,1.0,-0.5,0.1,elliske01
132,Joel Embiid,C,29,PHI,34,1157,34.2,.645,.149,.534,8.4,28.3,18.3,31.4,1.6,4.6,11.9,38.9,,4.8,2.0,6.8,.282,,8.8,3.0,11.8,4.1,embiijo01
133,Drew Eubanks,C,26,PHO,46,744,14.7,.669,.018,.391,10.1,20.1,15.4,8.0,1.0,4.4,18.5,14.2,,1.0,0.9,1.9,.124,,-2.0,0.4,-1.6,0.1,eubandr01
134,Tosan Evbuomwan,SF,22,MEM,4,74,5.6,.333,.533,.000,11.4,9.3,10.4,10.8,0.0,1.2,6.3,9.3,,0.0,0.0,0.0,.020,,-4.2,-2.4,-6.5,-0.1,evbuoto01
135,Dante Exum,PG,28,DAL,32,631,16.6,.663,.320,.217,3.1,12.5,7.8,20.5,1.4,0.7,10.8,16.9,,1.5,0.4,2.0,.149,,1.1,-0.3,0.8,0.4,exumda01
136,Bruno Fernando,C,25,ATL,15,110,14.7,.547,.081,.757,8.5,25.6,16.7,7.4,0.9,5.6,14.0,21.3,,0.0,0.1,0.1,.048,,-3.3,-0.5,-3.8,-0.1,fernabr01
137,Dorian Finney-Smith,PF,30,BRK,42,1211,10.1,.548,.676,.059,6.2,11.9,9.0,6.6,1.3,1.9,8.9,13.5,,0.7,0.9,1.6,.062,,-1.5,-0.4,-1.9,0.0,finnedo01
138,Malachi Flynn,PG,25,TOT,45,534,10.3,.539,.581,.206,2.7,12.2,7.4,19.3,1.7,1.0,17.1,16.9,,0.0,0.4,0.4,.038,,-2.8,0.1,-2.7,-0.1,flynnma01
138,Malachi Flynn,PG,25,TOR,31,474,10.0,.535,.584,.161,3.0,12.4,7.6,20.0,1.8,1.1,18.4,16.3,,0.0,0.3,0.3,.031,,-2.9,0.2,-2.8,-0.1,flynnma01
138,Malachi Flynn,PG,25,NYK,14,60,12.3,.557,.565,.478,0.0,11.0,5.5,13.9,0.8,0.0,9.7,21.9,,0.1,0.1,0.1,.094,,-1.9,-0.8,-2.7,0.0,flynnma01
139,Simone Fontecchio,SF,28,UTA,50,1160,11.0,.592,.651,.112,5.0,11.6,8.3,8.5,1.2,1.4,12.0,15.3,,0.9,0.6,1.5,.062,,-0.5,-1.0,-1.5,0.1,fontesi01
140,Jordan Ford,PG,25,SAC,6,22,16.5,.761,.429,.286,0.0,10.5,5.1,12.6,0.0,0.0,11.3,17.2,,0.1,0.0,0.1,.147,,3.2,-1.3,1.9,0.0,fordjo01
141,Trent Forrest,SG,25,ATL,19,202,6.9,.389,.149,.213,2.6,11.7,7.0,22.6,1.6,0.4,16.3,12.4,,-0.1,0.1,0.0,-0.008,,-5.1,-0.2,-5.2,-0.2,forretr01
142,Evan Fournier,SG,31,NYK,3,39,2.2,.287,.750,.100,0.0,11.3,5.7,10.0,5.1,0.0,4.6,23.9,,-0.2,0.1,-0.1,-0.104,,-12.1,0.4,-11.7,-0.1,fournev01
143,De'Aaron Fox,PG,26,SAC,44,1566,19.8,.573,.383,.325,2.5,10.4,6.4,23.8,2.5,1.1,9.6,31.1,,1.9,1.6,3.5,.107,,2.3,-0.6,1.7,1.5,foxde01
144,Javon Freeman-Liberty,PG,24,TOR,2,4,8.0,.333,.000,.000,27.2,0.0,13.8,0.0,0.0,0.0,0.0,32.2,,0.0,0.0,0.0,-0.156,,-8.1,-9.5,-17.6,0.0,freemja01
145,Alex Fudge,SF,20,LAL,4,14,-2.0,.291,.333,.333,16.5,0.0,7.9,0.0,0.0,0.0,12.7,24.3,,-0.1,0.0,-0.1,-0.224,,-10.1,-8.1,-18.2,-0.1,fudgeal01
146,Markelle Fultz,PG,25,ORL,19,469,13.5,.510,.032,.096,6.0,9.0,7.5,22.2,2.7,1.4,11.9,17.0,,0.2,0.7,0.9,.092,,-1.9,2.3,0.4,0.3,fultzma01
147,Daniel Gafford,C,25,WAS,45,1192,19.8,.707,.000,.405,11.5,20.9,16.2,7.9,1.7,6.6,11.7,13.9,,3.0,1.4,4.3,.174,,-0.5,1.1,0.6,0.8,gaffoda01
148,Danilo Gallinari,PF-SF,35,TOT,32,475,15.2,.619,.497,.523,3.1,17.5,10.2,12.1,0.8,0.9,6.5,17.9,,1.0,0.2,1.2,.117,,0.3,-1.3,-1.0,0.1,gallida01
148,Danilo Gallinari,PF,35,WAS,26,385,13.3,.581,.489,.427,3.3,18.0,10.5,10.7,0.7,0.6,7.2,18.3,,0.5,0.1,0.6,.076,,-1.0,-1.8,-2.9,-0.1,gallida01
148,Danilo Gallinari,SF,35,DET,6,90,23.1,.799,.545,1.091,2.5,15.3,8.8,18.0,1.1,1.8,3.0,15.8,,0.5,0.0,0.5,.292,,6.0,1.0,7.0,0.2,gallida01
149,Darius Garland,PG,24,CLE,26,832,15.1,.576,.339,.275,1.8,6.4,4.1,26.4,2.2,0.4,17.6,26.5,,0.2,1.2,1.3,.076,,0.0,-0.6,-0.6,0.3,garlada01
150,Usman Garuba,PF,21,GSW,2,6,4.4,.000,.000,.000,0.0,0.0,0.0,18.7,8.1,0.0,0.0,7.0,,0.0,0.0,0.0,.008,,-7.2,5.8,-1.4,0.0,garubus01
151,Luka Garza,C,25,MIN,12,36,15.2,.511,.304,.435,17.1,15.0,15.9,9.6,0.0,0.0,6.8,36.0,,0.0,0.0,0.1,.067,,-4.2,-4.1,-8.3,-0.1,garzalu01
152,Kaiser Gates,SF,27,NOP,1,7,-19.6,.000,.500,.000,0.0,15.7,7.9,0.0,0.0,0.0,0.0,24.5,,-0.1,0.0,-0.1,-0.544,,-18.6,-9.9,-28.5,-0.1,gateska01
153,Keyonte George,PG,20,UTA,47,1143,11.1,.536,.559,.322,1.4,11.3,6.4,23.6,0.8,0.3,15.8,21.4,,0.3,0.4,0.7,.028,,-1.1,-2.1,-3.2,-0.3,georgke01
154,Paul George,PF,33,LAC,47,1586,18.4,.595,.481,.216,2.0,15.4,8.9,16.0,2.4,1.1,10.0,26.9,,2.3,2.0,4.4,.132,,2.1,0.3,2.3,1.7,georgpa01
155,Taj Gibson,PF,38,NYK,13,132,4.5,.424,.333,.111,6.7,12.5,9.6,6.5,0.4,4.2,17.5,7.4,,0.0,0.2,0.1,.049,,-6.5,0.4,-6.1,-0.1,gibsota01
156,Josh Giddey,SG,21,OKC,50,1251,15.2,.523,.272,.144,6.6,20.6,13.9,24.8,1.3,1.9,15.5,22.8,,0.2,1.8,2.0,.079,,0.2,0.2,0.5,0.8,giddejo01
157,Harry Giles,C,25,BRK,16,81,18.1,.543,.250,.295,15.4,19.2,17.3,12.4,0.6,3.3,10.8,29.4,,0.0,0.1,0.1,.066,,-1.1,-1.7,-2.8,0.0,gilesha01
158,Shai Gilgeous-Alexander,PG,25,OKC,50,1729,30.7,.649,.171,.454,3.1,14.5,9.1,31.4,3.1,2.3,8.4,32.8,,7.8,3.0,10.8,.301,,7.4,2.9,10.3,5.3,gilgesh01
159,Anthony Gill,PF,31,WAS,29,163,11.5,.564,.255,.340,8.4,16.0,12.1,8.9,1.7,3.0,21.7,17.8,,-0.1,0.1,0.0,.006,,-3.7,-1.4,-5.1,-0.1,gillan01
160,Collin Gillespie,PG,24,DEN,15,97,8.9,.588,.520,.200,1.2,4.5,2.9,11.8,2.6,0.0,15.5,14.4,,0.0,0.1,0.1,.064,,-5.2,0.6,-4.6,-0.1,gilleco01
161,Jacob Gilyard,PG,25,MEM,35,617,11.7,.615,.837,.015,1.4,5.7,3.5,27.9,2.0,0.7,16.6,11.3,,0.8,0.6,1.4,.110,,-1.3,0.3,-1.0,0.2,gilyaja01
162,Rudy Gobert,C,31,MIN,51,1704,18.8,.667,.005,.664,12.8,29.1,21.5,5.3,1.0,5.4,12.8,15.5,,3.5,3.9,7.4,.210,,0.0,1.8,1.8,1.6,goberru01
163,Jordan Goodwin,PG,25,PHO,40,558,12.4,.481,.415,.150,8.8,15.0,12.1,18.6,2.0,1.4,12.4,18.3,,0.2,0.6,0.8,.068,,-1.3,0.4,-0.9,0.2,goodwjo01
164,Aaron Gordon,PF,28,DEN,46,1467,16.1,.591,.185,.368,9.1,13.8,11.5,13.2,1.2,1.8,10.4,17.5,,2.5,1.6,4.0,.132,,0.7,-0.2,0.5,0.9,gordoaa01
165,Eric Gordon,SG,35,PHO,44,1319,11.4,.597,.640,.098,1.2,6.7,4.1,10.4,1.5,1.4,10.9,16.9,,0.9,1.0,1.8,.066,,-0.7,-0.9,-1.6,0.2,gordoer01
166,Devonte' Graham,PG,28,SAS,10,88,15.1,.555,.714,.286,2.4,13.7,8.0,28.9,1.6,1.0,8.7,16.5,,0.2,0.1,0.2,.115,,0.3,-0.1,0.2,0.0,grahade01
167,Jerami Grant,PF,29,POR,44,1488,16.3,.584,.321,.376,2.2,10.9,6.3,13.2,1.0,1.9,9.6,26.1,,1.7,0.8,2.5,.082,,1.3,-1.1,0.3,0.8,grantje01
168,A.J. Green,SG,24,MIL,32,273,13.5,.676,.854,.073,2.1,9.8,6.0,9.2,0.0,0.3,2.0,15.7,,0.7,0.1,0.8,.135,,2.3,-2.6,-0.2,0.1,greenaj01
169,Danny Green,SG,36,PHI,2,18,0.7,.000,.500,.000,0.0,12.3,6.1,6.3,2.7,0.0,0.0,4.7,,0.0,0.0,0.0,-0.035,,-7.4,0.7,-6.7,0.0,greenda02
170,Draymond Green,PF,33,GSW,25,668,13.9,.595,.369,.250,5.3,20.9,13.1,29.4,1.3,3.1,25.6,15.8,,0.6,0.8,1.4,.101,,-0.1,2.5,2.4,0.7,greendr01
171,Jalen Green,SG,21,HOU,50,1540,13.7,.535,.432,.296,1.4,15.2,8.3,16.3,1.1,1.0,11.2,27.0,,-0.4,1.9,1.5,.047,,-0.5,-0.7,-1.3,0.3,greenja05
172,Jeff Green,PF,37,HOU,48,791,10.6,.619,.317,.534,3.8,9.7,6.8,6.1,0.5,2.5,12.4,14.5,,0.8,0.8,1.6,.098,,-2.6,-0.1,-2.6,-0.1,greenje02
173,Josh Green,SG,23,DAL,39,1074,10.1,.599,.516,.164,2.4,10.9,6.6,12.3,1.3,0.5,13.0,13.5,,0.8,0.6,1.5,.065,,-1.9,-0.8,-2.7,-0.2,greenjo02
174,AJ Griffin,SF,20,ATL,18,132,1.8,.403,.733,.044,1.6,10.2,5.7,3.8,0.4,0.7,11.6,16.1,,-0.3,0.0,-0.3,-0.099,,-5.5,-3.3,-8.9,-0.2,griffaj01
175,Quentin Grimes,SG,23,NYK,45,910,9.3,.543,.741,.119,1.7,9.0,5.4,7.6,1.6,0.3,6.5,15.1,,0.6,1.0,1.6,.083,,-2.1,0.6,-1.6,0.1,grimequ01
176,Mouhamed Gueye,PF,21,ATL,2,4,-0.6,.000,1.000,.000,0.0,0.0,0.0,0.0,11.8,0.0,0.0,10.2,,0.0,0.0,0.0,-0.112,,-12.8,3.6,-9.2,0.0,gueyemo02
177,Rui Hachimura,PF,25,LAL,39,918,13.2,.588,.347,.245,3.9,13.1,8.7,6.4,1.5,1.0,7.6,18.6,,0.6,0.9,1.5,.078,,-1.6,-0.8,-2.5,-0.1,hachiru01
178,Ashton Hagans,PG,24,POR,1,28,-2.6,.286,.429,.000,0.0,8.6,4.0,14.4,0.0,0.0,22.2,13.7,,-0.1,0.0,-0.1,-0.158,,-12.6,-5.6,-18.2,-0.1,haganas01
179,Tyrese Haliburton,PG,23,IND,40,1277,25.6,.628,.491,.228,2.2,11.7,7.0,50.1,1.5,1.8,12.1,26.1,,5.3,0.6,5.9,.222,,9.0,-0.6,8.4,3.4,halibty01
180,R.J. Hampton,PG,22,MIA,8,76,0.8,.336,.571,.143,2.9,6.0,4.5,13.7,0.0,0.0,16.8,10.4,,-0.1,0.0,-0.1,-0.043,,-8.3,-1.5,-9.7,-0.1,hamptrj01
181,Tim Hardaway Jr.,SF,31,DAL,49,1474,13.6,.567,.607,.194,1.3,12.4,6.8,8.2,0.8,0.1,5.5,23.7,,1.2,0.7,1.9,.062,,0.6,-2.7,-2.1,0.0,hardati02
182,James Harden,PG,34,LAC,45,1553,19.5,.640,.581,.429,1.4,14.8,8.3,32.7,1.7,2.4,16.0,20.4,,4.3,1.9,6.1,.190,,4.3,0.9,5.2,2.8,hardeja01
183,Jaden Hardy,SG,21,DAL,47,739,11.0,.512,.512,.147,2.2,12.4,7.2,15.4,1.0,0.4,9.3,23.5,,-0.2,0.4,0.2,.011,,-1.6,-2.4,-4.0,-0.4,hardyja02
184,Ron Harper Jr.,PF,23,TOR,1,4,0.0,,,,0.0,0.0,0.0,28.2,0.0,0.0,,0.0,,0.0,0.0,0.0,.096,,-11.8,3.0,-8.8,0.0,harpero02
185,Gary Harris,SG,29,ORL,31,696,9.9,.571,.680,.183,2.4,5.9,4.1,11.2,1.8,1.1,8.2,12.8,,0.6,0.8,1.5,.100,,-2.2,1.0,-1.2,0.1,harriga01
186,Joe Harris,SG,32,DET,16,170,4.6,.489,.769,.051,2.0,6.8,4.3,7.4,0.8,1.0,9.1,10.9,,0.0,0.0,0.0,-0.006,,-4.7,-1.2,-5.9,-0.2,harrijo01
187,Kevon Harris,SG,26,ORL,1,3,-17.4,,,,0.0,39.1,19.2,0.0,0.0,0.0,100.0,14.4,,0.0,0.0,0.0,-0.391,,-23.9,-3.4,-27.3,0.0,harrike01
188,Tobias Harris,PF,31,PHI,46,1559,17.1,.605,.256,.253,3.5,16.1,9.8,14.3,1.4,1.4,8.8,20.3,,2.7,1.6,4.4,.135,,1.5,-0.4,1.2,1.2,harrito02
189,Shaquille Harrison,SG,30,MEM,3,6,15.7,.500,.000,.000,0.0,38.1,18.3,0.0,0.0,15.4,0.0,14.3,,0.0,0.0,0.0,.089,,-0.8,5.3,4.6,0.0,harrish01
190,Josh Hart,SF,28,NYK,51,1505,10.5,.516,.414,.156,5.0,21.3,13.2,14.0,1.3,0.9,14.3,12.7,,0.7,2.0,2.8,.089,,-1.9,1.3,-0.6,0.5,hartjo01
191,Isaiah Hartenstein,C,25,NYK,50,1280,17.2,.650,.013,.429,14.9,22.7,18.8,10.4,2.2,4.0,17.7,11.1,,2.6,2.4,5.0,.189,,-0.2,2.4,2.2,1.4,harteis01
192,Sam Hauser,SF,26,BOS,50,1088,11.6,.630,.856,.047,3.4,13.0,8.4,5.9,0.9,1.1,7.4,13.9,,1.4,1.3,2.7,.121,,0.4,0.1,0.5,0.7,hausesa01
193,Jordan Hawkins,SG,21,NOP,46,952,11.3,.561,.651,.193,2.9,11.6,7.3,8.5,0.8,0.4,8.0,19.8,,0.6,0.8,1.4,.073,,-0.5,-1.6,-2.1,0.0,hawkijo01
194,Jaxson Hayes,C,23,LAL,42,453,12.6,.692,.066,.451,7.6,13.7,10.8,5.6,1.9,3.1,16.1,12.4,,0.6,0.6,1.1,.119,,-3.9,1.2,-2.7,-0.1,hayesja02
195,Killian Hayes,PG,22,DET,42,1008,10.4,.474,.261,.177,1.2,12.3,6.7,26.8,1.7,1.6,14.3,14.9,,0.0,0.5,0.5,.025,,-2.9,0.2,-2.7,-0.2,hayeski01
196,Gordon Hayward,SF,33,CHO,25,798,14.0,.544,.205,.273,3.3,13.7,8.2,21.6,1.7,1.4,13.3,20.9,,0.2,0.3,0.5,.033,,-1.3,-0.8,-2.1,0.0,haywago01
197,Scoot Henderson,PG,19,POR,41,1095,8.7,.480,.334,.282,3.7,9.5,6.4,26.6,1.0,0.8,18.3,25.9,,-1.7,0.5,-1.2,-0.054,,-4.1,-2.4,-6.5,-1.2,hendesc01
198,Taylor Hendricks,PF,20,UTA,14,199,9.8,.504,.587,.127,7.2,13.0,10.2,4.6,2.2,3.5,14.2,16.2,,-0.1,0.2,0.1,.019,,-3.0,-1.0,-4.0,-0.1,hendrita01
199,Tyler Herro,SG,24,MIA,32,1072,15.3,.551,.453,.129,1.8,16.4,9.0,22.0,1.3,0.2,10.5,27.9,,0.0,1.2,1.2,.052,,1.3,-0.9,0.5,0.7,herroty01
200,Buddy Hield,SF,31,IND,52,1336,12.9,.586,.691,.064,2.9,11.5,7.2,12.9,1.5,1.8,10.4,18.5,,1.1,0.6,1.8,.063,,0.9,-0.8,0.1,0.7,hieldbu01
201,Haywood Highsmith,PF,27,MIA,37,765,9.6,.561,.591,.133,4.2,11.3,7.7,7.4,2.1,2.3,11.1,12.5,,0.2,1.0,1.3,.081,,-2.7,1.1,-1.6,0.1,highsha01
202,Nate Hinton,SG,24,HOU,10,43,15.0,.661,.533,.133,5.0,17.6,11.3,13.4,1.1,2.2,11.2,17.8,,0.1,0.1,0.1,.166,,0.4,1.1,1.5,0.0,hintona01
203,D'Moi Hodge,SG,25,LAL,7,41,6.0,.441,.800,.133,0.0,0.0,0.0,15.9,1.2,2.2,5.9,17.8,,0.0,0.0,0.0,-0.020,,-4.0,-2.5,-6.6,0.0,hodgedm01
204,Aaron Holiday,PG,27,HOU,47,803,10.8,.591,.550,.154,1.6,10.0,5.8,14.4,1.6,0.3,12.6,15.7,,0.6,0.9,1.5,.090,,-2.1,0.6,-1.5,0.1,holidaa01
205,Jrue Holiday,PG,33,BOS,46,1537,13.8,.580,.447,.134,4.5,13.9,9.4,18.4,1.1,1.9,14.4,17.0,,1.7,2.1,3.8,.120,,0.4,0.9,1.3,1.3,holidjr01
206,Justin Holiday,SG,34,DEN,29,383,9.4,.636,.675,.000,1.5,7.7,4.7,8.7,2.2,0.4,7.2,9.4,,0.4,0.4,0.8,.106,,-3.0,1.2,-1.8,0.0,holidju01
207,Richaun Holmes,C,30,DAL,23,237,13.8,.572,.000,.356,15.2,21.2,18.1,8.5,0.6,3.3,15.0,14.5,,0.3,0.2,0.5,.109,,-2.3,-0.7,-3.0,-0.1,holmeri01
208,Chet Holmgren,C,21,OKC,51,1540,20.5,.633,.362,.262,5.9,21.3,14.0,12.9,1.1,8.0,11.1,21.6,,2.8,2.8,5.6,.174,,2.2,2.0,4.2,2.4,holmgch01
209,Jalen Hood-Schifino,SG,20,LAL,15,92,-0.6,.321,.314,.457,2.5,9.3,6.0,10.9,1.6,1.9,16.0,23.5,,-0.5,0.1,-0.4,-0.199,,-11.9,-2.7,-14.6,-0.3,hoodsja01
210,Al Horford,C,37,BOS,42,1139,14.0,.623,.670,.054,5.2,20.6,13.3,13.9,0.9,3.3,11.0,11.3,,2.0,1.9,3.8,.162,,1.1,2.5,3.7,1.6,horfoal01
211,Talen Horton-Tucker,PG,23,UTA,33,689,13.3,.505,.368,.235,2.4,10.7,6.6,27.5,2.3,1.4,12.8,24.0,,0.1,0.5,0.6,.045,,-0.9,0.1,-0.9,0.2,hortota01
212,Danuel House Jr.,SF,30,PHI,34,509,8.4,.575,.476,.438,3.5,9.1,6.3,7.0,1.4,0.9,13.2,12.1,,0.3,0.4,0.7,.064,,-3.4,-0.5,-4.0,-0.3,houseda01
213,Caleb Houstan,SF,21,ORL,38,568,8.2,.573,.934,.146,4.2,8.3,6.2,5.5,0.9,0.2,7.5,13.2,,0.4,0.5,1.0,.081,,-1.6,-0.8,-2.4,-0.1,houstca01
214,Jett Howard,SF,20,ORL,11,42,8.7,.482,.737,.211,2.7,11.2,6.9,10.6,0.0,2.2,8.8,23.3,,0.0,0.0,0.0,-0.007,,-0.5,-1.8,-2.2,0.0,howarje01
215,Kevin Huerter,SG,25,SAC,48,1210,13.1,.575,.617,.093,2.6,14.1,8.2,14.7,1.3,1.3,7.1,17.4,,1.4,1.0,2.4,.095,,0.0,-0.3,-0.4,0.5,huertke01
216,Jay Huff,C,25,DEN,7,18,6.3,.583,.667,.000,0.0,6.1,3.1,7.4,2.8,0.0,14.3,16.9,,0.0,0.0,0.0,.034,,-6.3,0.5,-5.8,0.0,huffja01
217,De'Andre Hunter,SF,26,ATL,28,801,12.5,.608,.439,.297,2.2,12.8,7.3,6.5,1.2,1.0,10.7,19.1,,0.8,0.2,1.1,.063,,-1.1,-1.3,-2.4,-0.1,huntede01
218,Matthew Hurt,PF,23,MEM,3,56,8.0,.440,.556,.167,7.6,4.1,5.9,7.7,0.0,1.7,0.0,14.8,,0.0,0.0,0.0,.030,,-1.9,-1.7,-3.6,0.0,hurtma01
219,Bones Hyland,PG,23,LAC,19,251,7.1,.471,.533,.100,1.4,6.1,3.8,18.1,2.0,0.4,15.5,25.7,,-0.5,0.2,-0.3,-0.051,,-5.0,-1.8,-6.8,-0.3,hylanbo01
220,Joe Ingles,SF,36,ORL,38,672,10.9,.577,.682,.130,2.5,13.8,8.1,23.2,1.8,0.4,18.1,12.7,,0.6,0.9,1.5,.106,,-1.5,1.4,-0.1,0.3,inglejo01
221,Brandon Ingram,SF,26,NOP,47,1559,18.7,.584,.241,.304,2.4,14.5,8.4,26.4,1.2,1.6,11.5,27.2,,2.4,1.7,4.1,.127,,2.1,-0.3,1.8,1.5,ingrabr01
222,Kyrie Irving,SG,31,DAL,30,1010,22.1,.591,.355,.196,2.4,14.0,8.1,26.3,1.9,1.1,7.3,29.1,,2.3,0.9,3.2,.151,,5.1,-0.1,5.0,1.8,irvinky01
223,Jonathan Isaac,PF,26,ORL,34,494,17.6,.578,.378,.359,8.2,24.0,16.0,4.1,2.4,7.3,8.6,17.2,,0.5,1.1,1.6,.158,,-0.2,2.5,2.4,0.5,isaacjo01
224,Jaden Ivey,SG,21,DET,47,1304,14.0,.568,.362,.348,5.4,10.3,7.8,19.8,1.2,1.8,15.4,24.4,,0.4,0.4,0.9,.032,,-0.4,-1.7,-2.2,-0.1,iveyja01
225,Andre Jackson Jr.,SG,22,MIL,41,467,9.0,.636,.450,.138,8.7,11.7,10.2,10.4,1.2,0.7,19.1,9.5,,0.6,0.3,0.9,.091,,-3.0,-0.3,-3.3,-0.1,jacksan01
226,GG Jackson II,PF,19,MEM,20,367,14.6,.562,.526,.312,5.5,15.9,10.5,7.0,1.3,2.8,8.4,22.4,,0.1,0.4,0.6,.074,,0.1,-0.7,-0.7,0.1,jacksgg01
227,Isaiah Jackson,C,22,IND,40,525,21.1,.682,.019,.444,12.8,22.2,17.5,8.9,2.2,6.6,12.2,17.5,,1.4,0.7,2.1,.193,,-0.2,1.8,1.6,0.5,jacksis01
228,Jaren Jackson Jr.,C,24,MEM,48,1526,17.1,.559,.324,.369,4.0,15.5,9.5,11.6,1.6,4.6,10.2,29.9,,0.2,2.1,2.3,.071,,-0.3,0.5,0.1,0.8,jacksja02
229,Reggie Jackson,PG,33,DEN,52,1205,12.9,.544,.373,.131,2.0,8.1,5.1,23.2,1.2,0.6,11.5,21.4,,0.8,1.0,1.8,.072,,-0.9,-1.3,-2.2,-0.1,jacksre01
230,Trayce Jackson-Davis,PF,23,GSW,37,491,20.7,.685,.000,.439,12.7,20.5,16.6,9.8,1.2,5.5,12.4,17.2,,1.2,0.6,1.9,.184,,0.7,0.8,1.5,0.4,jackstr02
231,LeBron James,PF,39,LAL,47,1642,22.3,.608,.300,.304,2.9,19.7,11.7,35.2,1.8,1.5,13.7,29.3,,2.6,2.0,4.6,.135,,4.9,0.9,5.7,3.2,jamesle01
232,Jaime Jaquez Jr.,SF,22,MIA,46,1356,12.8,.581,.288,.245,4.6,10.3,7.4,13.5,1.8,0.8,13.1,19.4,,0.7,1.6,2.2,.079,,-2.3,-0.1,-2.3,-0.1,jaqueja01
233,DaQuan Jeffries,SG,26,NYK,10,30,5.0,.427,.417,.167,0.0,18.4,9.2,9.5,0.0,0.0,7.2,19.7,,-0.1,0.0,0.0,-0.042,,-5.1,-1.5,-6.6,0.0,jeffrda01
234,Trey Jemison,C,24,TOT,6,85,9.2,.515,.000,.143,11.2,10.6,11.0,3.4,1.7,5.4,18.3,13.8,,0.0,0.1,0.1,.042,,-7.1,-0.6,-7.6,-0.1,jemistr01
234,Trey Jemison,C,24,WAS,2,1,-35.9,,,,0.0,100.0,53.4,0.0,0.0,0.0,100.0,42.1,,0.0,0.0,0.0,-1.191,,-30.5,-3.6,-34.1,0.0,jemistr01
234,Trey Jemison,C,24,MEM,4,84,9.8,.515,.000,.143,11.3,9.5,10.5,3.5,1.7,5.5,15.2,13.5,,0.0,0.1,0.1,.057,,-6.8,-0.5,-7.3,-0.1,jemistr01
235,Ty Jerome,SG,26,CLE,2,15,7.6,.500,.250,.000,7.5,0.0,3.7,26.6,0.0,0.0,20.0,14.4,,0.0,0.0,0.0,.054,,-4.3,-0.6,-4.8,0.0,jeromty01
236,Isaiah Joe,SG,24,OKC,47,883,13.7,.637,.744,.126,2.5,11.3,7.1,7.7,1.6,1.4,8.1,17.0,,1.2,1.0,2.2,.120,,1.5,-0.2,1.3,0.7,joeis01
237,Cameron Johnson,PF,27,BRK,40,1138,14.7,.584,.549,.138,4.0,14.2,8.9,13.4,1.4,0.8,7.6,19.4,,1.5,0.8,2.3,.099,,1.2,-0.6,0.6,0.7,johnsca02
238,Jalen Johnson,SF,22,ATL,37,1242,16.0,.600,.284,.220,3.9,24.4,13.7,14.0,1.9,2.0,12.2,18.1,,1.5,1.0,2.5,.097,,0.2,0.8,1.0,1.0,johnsja05
239,James Johnson,PF,36,IND,5,24,11.5,.400,.200,.000,4.8,14.4,9.6,23.3,7.8,0.0,28.6,12.1,,0.0,0.0,0.0,.052,,-5.2,4.6,-0.6,0.0,johnsja01
240,Keldon Johnson,SF,24,SAS,48,1448,14.4,.555,.391,.261,5.2,16.0,10.5,15.2,1.3,0.9,9.7,22.7,,0.7,0.9,1.7,.055,,-0.6,-1.5,-2.1,0.0,johnske04
241,Keon Johnson,SG,21,BRK,2,35,13.4,.588,.455,.364,6.0,3.2,4.6,3.8,4.2,2.6,13.6,18.0,,0.0,0.0,0.1,.091,,-1.6,0.8,-0.8,0.0,johnske07
242,Keyontae Johnson,SF,23,OKC,7,57,0.7,.375,.167,.000,6.2,5.6,5.9,8.2,0.0,0.0,25.0,12.2,,-0.1,0.0,-0.1,-0.074,,-7.7,-3.0,-10.7,-0.1,johnske08
243,Nikola Jokić,C,28,DEN,50,1693,31.8,.654,.167,.328,10.2,29.8,20.2,43.7,1.7,2.4,13.0,29.7,,7.7,2.9,10.7,.302,,9.8,4.4,14.1,6.9,jokicni01
244,Colby Jones,SG,21,SAC,16,114,6.3,.387,.302,.116,9.6,12.2,10.9,10.4,1.7,0.8,10.0,18.7,,-0.2,0.1,-0.1,-0.040,,-6.4,-1.3,-7.7,-0.2,jonesco02
245,Damian Jones,C,28,CLE,24,147,12.9,.624,.219,.344,6.9,17.6,12.4,9.7,1.0,6.1,19.6,13.5,,0.1,0.3,0.4,.129,,-3.5,2.7,-0.7,0.0,jonesda03
246,Derrick Jones Jr.,SF,26,DAL,47,1210,12.3,.599,.500,.250,5.0,11.0,7.9,5.5,1.5,2.6,9.7,15.3,,1.1,1.0,2.1,.082,,-0.9,-0.5,-1.4,0.2,jonesde02
247,Herbert Jones,SF,25,NOP,46,1306,13.4,.618,.442,.253,4.5,9.5,7.0,11.4,1.9,3.1,11.8,15.1,,1.8,1.6,3.4,.125,,-0.5,1.0,0.4,0.8,joneshe01
248,Tre Jones,PG,24,SAS,47,1224,14.7,.580,.296,.216,2.9,10.2,6.5,31.0,1.8,0.4,14.4,16.0,,1.8,0.7,2.5,.096,,-0.6,-0.5,-1.2,0.3,jonestr01
249,Tyus Jones,PG,27,WAS,50,1424,16.4,.573,.356,.064,1.1,9.6,5.3,31.0,1.9,0.9,7.8,17.1,,2.4,0.6,3.0,.101,,1.1,-0.5,0.5,0.9,jonesty01
250,DeAndre Jordan,C,35,DEN,27,317,16.2,.614,.000,.644,16.5,27.7,22.2,8.2,0.8,3.5,16.9,15.5,,0.4,0.5,0.9,.140,,-1.8,-0.2,-2.0,0.0,jordade01
251,Cory Joseph,PG,32,GSW,26,296,6.1,.470,.656,.109,2.2,8.8,5.5,17.4,0.7,0.9,15.2,11.2,,0.0,0.1,0.2,.028,,-4.0,-0.7,-4.7,-0.2,josepco01
252,Nikola Jović,PF,20,MIA,20,320,10.1,.516,.489,.217,5.9,23.3,14.5,15.9,0.9,2.1,15.9,16.6,,-0.1,0.4,0.4,.055,,-2.9,1.1,-1.8,0.0,jovicni01
253,Johnny Juzang,SG,22,UTA,2,6,-13.6,.000,1.000,.000,0.0,0.0,0.0,18.9,0.0,0.0,0.0,20.8,,-0.1,0.0,-0.1,-0.417,,-16.2,-9.3,-25.4,0.0,juzanjo01
254,Luke Kennard,SG,27,MEM,24,585,13.1,.624,.755,.109,1.6,12.7,6.9,19.2,0.9,0.2,10.7,16.5,,0.8,0.5,1.3,.104,,0.8,-0.5,0.3,0.3,kennalu01
255,Walker Kessler,C,22,UTA,45,1044,18.7,.663,.063,.283,12.2,23.0,17.7,5.1,1.0,10.4,13.3,13.1,,1.7,1.5,3.2,.146,,-0.3,2.0,1.7,1.0,kesslwa01
256,Braxton Key,SF,26,DEN,14,45,13.4,.463,.286,.357,5.1,19.5,12.4,22.2,2.2,0.0,5.8,16.6,,0.0,0.1,0.1,.116,,-1.6,0.7,-0.9,0.0,keybr01
257,Corey Kispert,SF,24,WAS,49,1086,12.7,.621,.626,.202,1.5,9.9,5.7,9.7,0.7,0.6,10.0,20.2,,0.8,0.1,0.9,.041,,-0.2,-2.4,-2.6,-0.2,kispeco01
258,Maxi Kleber,C,32,DAL,17,362,8.5,.577,.577,.254,3.6,12.3,7.9,11.1,0.8,3.2,17.7,11.3,,0.1,0.3,0.4,.052,,-2.7,0.3,-2.4,0.0,klebima01
259,Kevin Knox,SF,24,DET,31,560,9.8,.570,.505,.118,3.6,11.7,7.6,5.7,1.1,1.0,10.1,16.4,,0.2,0.2,0.3,.026,,-2.7,-1.9,-4.6,-0.4,knoxke01
260,John Konchar,SF,27,MEM,41,785,11.0,.509,.576,.097,6.3,18.3,12.1,12.6,1.8,4.4,14.3,9.6,,0.3,1.2,1.5,.090,,-2.7,2.1,-0.6,0.3,konchjo01
261,Furkan Korkmaz,SG,26,PHI,35,300,9.1,.519,.526,.263,1.5,9.6,5.5,10.7,2.3,0.9,10.5,13.5,,0.0,0.3,0.3,.055,,-3.2,0.4,-2.7,-0.1,korkmfu01
262,Luke Kornet,C,28,BOS,35,535,18.7,.716,.000,.277,13.9,14.1,14.0,7.5,1.3,5.9,11.3,11.4,,1.6,0.9,2.5,.226,,0.8,2.2,3.0,0.7,kornelu01
263,Jonathan Kuminga,PF,21,GSW,48,1210,16.9,.608,.228,.373,5.3,14.6,10.0,10.9,1.4,1.5,11.2,23.9,,1.6,1.1,2.7,.106,,0.2,-0.6,-0.4,0.5,kuminjo01
264,Kyle Kuzma,PF,28,WAS,49,1543,15.7,.541,.362,.164,3.3,18.8,10.9,21.2,0.7,1.7,11.5,30.6,,-0.8,0.7,-0.1,-0.004,,0.4,-2.1,-1.7,0.1,kuzmaky01
265,Jock Landale,C,28,HOU,28,256,10.5,.448,.258,.227,14.4,9.3,11.8,8.2,1.3,4.0,12.1,13.8,,0.0,0.3,0.4,.070,,-3.6,-0.1,-3.7,-0.1,landajo01
266,Jake LaRavia,PF,22,MEM,11,122,4.8,.447,.558,.093,6.1,8.4,7.2,7.3,0.4,0.8,8.2,17.2,,-0.1,0.1,-0.1,-0.021,,-6.9,-1.7,-8.6,-0.2,laravja01
267,Zach LaVine,SG,28,CHI,25,872,15.1,.578,.449,.274,1.0,15.9,8.3,17.1,1.2,0.9,11.0,23.8,,0.7,0.8,1.5,.083,,0.6,-0.5,0.0,0.4,lavinza01
268,A.J. Lawson,SG,23,DAL,24,219,12.3,.561,.481,.241,5.0,9.2,7.0,8.3,2.0,1.2,10.3,19.0,,0.1,0.2,0.3,.055,,-2.1,-1.2,-3.3,-0.1,lawsoaj01
269,Saben Lee,PG,24,PHO,12,76,14.9,.526,.227,.773,8.1,10.0,9.1,20.6,1.9,3.5,14.5,19.7,,0.1,0.1,0.2,.101,,-1.1,0.3,-0.8,0.0,leesa01
270,Alex Len,C,30,SAC,18,152,15.3,.599,.069,.345,16.6,25.1,20.7,16.8,0.9,4.8,24.8,12.4,,0.2,0.2,0.4,.129,,-1.9,1.6,-0.2,0.1,lenal01
271,Kawhi Leonard,SF,32,LAC,46,1582,24.1,.640,.302,.247,4.0,16.2,10.3,17.1,2.4,2.4,7.6,25.9,,4.8,2.2,7.0,.213,,5.5,1.2,6.7,3.5,leonaka01
272,Caris LeVert,SG,29,CLE,40,1108,14.6,.528,.413,.243,1.9,11.9,7.0,22.1,1.8,1.2,9.7,24.2,,0.6,1.7,2.3,.099,,-0.6,0.7,0.1,0.6,leverca01
273,Kira Lewis Jr.,PG,22,TOT,16,146,5.5,.387,.385,.212,3.0,7.6,5.3,15.7,1.7,0.7,12.3,19.1,,-0.3,0.1,-0.1,-0.044,,-6.6,-0.9,-7.5,-0.2,lewiski01
273,Kira Lewis Jr.,PG,22,NOP,15,144,5.7,.387,.385,.212,3.1,7.7,5.4,15.9,1.7,0.7,12.3,19.3,,-0.3,0.1,-0.1,-0.044,,-6.4,-0.9,-7.3,-0.2,lewiski01
273,Kira Lewis Jr.,PG,22,TOR,1,2,-7.3,,,,0.0,0.0,0.0,0.0,0.0,0.0,,0.0,,0.0,0.0,0.0,-0.004,,-22.0,0.1,-21.9,0.0,lewiski01
274,Maxwell Lewis,SF,21,LAL,18,67,-1.8,.292,.250,.000,1.7,3.2,2.5,5.3,1.4,0.0,29.4,10.9,,-0.2,0.0,-0.2,-0.131,,-9.2,-2.3,-11.5,-0.2,lewisma05
275,E.J. Liddell,PF,23,NOP,8,23,4.2,.291,.833,.333,0.0,24.0,12.0,5.1,4.2,8.5,22.5,16.6,,-0.1,0.1,0.0,-0.089,,-8.6,4.1,-4.5,0.0,liddeej01
276,Damian Lillard,PG,33,MIL,47,1663,19.9,.598,.490,.447,1.8,11.0,6.5,27.0,1.4,0.5,10.9,28.1,,4.0,1.0,5.1,.147,,3.4,-1.5,2.0,1.7,lillada01
277,Nassir Little,SF,23,PHO,30,399,10.5,.594,.566,.202,4.3,13.9,9.4,6.2,1.2,2.0,10.0,13.0,,0.3,0.4,0.7,.086,,-2.1,-0.3,-2.4,-0.1,littlna01
278,Dereck Lively II,C,19,DAL,36,935,17.1,.726,.010,.281,12.1,21.5,16.7,6.9,1.2,4.7,15.6,12.3,,2.1,1.1,3.2,.163,,-0.8,0.2,-0.5,0.3,livelde01
279,Isaiah Livers,PF,25,DET,23,469,5.1,.460,.664,.155,3.5,8.1,5.8,6.8,1.3,0.9,11.4,12.6,,-0.3,0.1,-0.2,-0.022,,-5.0,-1.5,-6.5,-0.5,liveris01
280,Chris Livingston,SF,20,MIL,14,60,8.7,.571,.071,.143,3.8,19.6,11.9,8.3,1.6,0.0,16.8,12.6,,0.0,0.1,0.1,.049,,-4.8,-0.9,-5.7,-0.1,livinch01
281,Kenneth Lofton Jr.,PF,21,TOT,17,108,6.0,.413,.279,.349,2.0,16.8,9.2,19.6,1.3,2.6,13.9,22.9,,-0.3,0.1,-0.2,-0.069,,-6.9,0.0,-6.9,-0.1,loftoke01
281,Kenneth Lofton Jr.,PF,21,MEM,15,99,8.3,.447,.270,.405,2.1,15.0,8.3,21.4,1.5,2.8,12.1,21.5,,-0.1,0.1,0.0,-0.013,,-5.4,0.9,-4.5,-0.1,loftoke01
281,Kenneth Lofton Jr.,PF,21,PHI,2,9,-19.6,.167,.333,.000,0.0,36.9,18.4,0.0,0.0,0.0,25.0,37.9,,-0.1,0.0,-0.1,-0.694,,-23.3,-9.3,-32.6,-0.1,loftoke01
282,Kevon Looney,C,27,GSW,49,919,15.5,.637,.006,.333,13.7,24.6,19.2,15.2,1.2,1.8,16.0,10.9,,2.1,1.1,3.1,.164,,-0.3,1.3,1.1,0.7,looneke01
283,Brook Lopez,C,35,MIL,49,1556,15.3,.606,.499,.175,5.6,13.2,9.5,6.8,0.9,7.0,7.8,15.8,,2.1,1.7,3.8,.118,,0.3,0.9,1.2,1.3,lopezbr01
284,Robin Lopez,C,35,MIL,16,65,6.5,.453,.421,.105,5.2,3.3,4.2,7.6,0.7,3.8,9.1,14.3,,0.0,0.0,0.0,.001,,-4.7,-1.4,-6.1,-0.1,lopezro01
285,Kevin Love,PF,35,MIA,41,726,18.1,.596,.698,.351,6.7,33.2,19.8,19.8,1.0,0.9,9.6,20.9,,1.4,1.1,2.5,.168,,2.7,0.9,3.5,1.0,loveke01
286,Kyle Lowry,PG,37,MIA,37,1037,10.8,.582,.665,.174,2.7,11.5,7.0,19.6,1.9,1.4,16.9,13.4,,0.7,1.3,2.0,.091,,-2.1,1.1,-1.0,0.3,lowryky01
287,Seth Lundy,SF,23,ATL,9,52,0.1,.373,.765,.235,2.0,13.0,7.3,0.0,0.0,0.0,5.1,15.5,,-0.1,0.0,-0.1,-0.093,,-7.8,-5.0,-12.9,-0.1,lundyse01
288,Trey Lyles,PF,28,SAC,36,725,12.4,.622,.734,.212,5.2,20.1,12.4,8.4,0.7,1.2,9.0,14.3,,1.0,0.6,1.5,.102,,0.2,-0.8,-0.6,0.3,lylestr01
289,Théo Maledon,PG,22,TOT,14,201,3.7,.374,.448,.179,2.1,11.3,6.4,18.5,1.7,0.0,17.2,18.8,,-0.5,0.0,-0.5,-0.119,,-8.0,-2.1,-10.0,-0.4,maledth01
289,Théo Maledon,PG,22,CHO,13,200,3.9,.379,.455,.182,2.1,11.3,6.5,18.6,1.7,0.0,17.4,18.7,,-0.5,0.0,-0.5,-0.114,,-7.9,-2.0,-9.8,-0.4,maledth01
289,Théo Maledon,PG,22,PHO,1,1,-37.4,.000,.000,.000,0.0,0.0,0.0,0.0,0.0,0.0,0.0,43.4,,0.0,0.0,0.0,-1.021,,-32.4,-17.4,-49.7,0.0,maledth01
290,Sandro Mamukelashvili,C,24,SAS,27,181,14.7,.514,.541,.262,9.4,20.6,14.9,20.3,1.0,3.8,10.5,17.6,,0.2,0.2,0.3,.088,,-0.8,0.3,-0.6,0.1,mamuksa01
291,Terance Mann,SG,27,LAC,44,1095,10.2,.564,.451,.173,5.7,8.5,7.2,9.0,1.1,0.9,8.3,12.9,,1.2,0.8,2.0,.088,,-1.7,-0.5,-2.2,-0.1,mannte01
292,Tre Mann,PG,22,OKC,13,119,14.2,.606,.475,.025,4.0,18.0,11.3,22.3,1.2,0.0,18.2,18.1,,0.1,0.1,0.2,.101,,0.4,-0.3,0.1,0.1,manntr01
293,Boban Marjanović,C,35,HOU,9,48,16.2,.486,.095,.286,13.6,36.1,24.8,12.8,0.0,1.9,7.8,22.9,,0.0,0.1,0.1,.086,,-1.8,-1.7,-3.5,0.0,marjabo01
294,Lauri Markkanen,PF,26,UTA,43,1406,22.7,.652,.501,.313,7.9,20.5,14.3,9.3,1.3,1.3,6.7,24.8,,4.6,1.1,5.6,.193,,5.8,-1.1,4.7,2.4,markkla01
295,Naji Marshall,SF,26,NOP,41,760,12.8,.562,.387,.328,5.8,14.8,10.3,14.4,1.8,0.9,14.1,17.7,,0.6,0.9,1.5,.094,,-1.5,0.0,-1.5,0.1,marshna01
296,Caleb Martin,SF,28,MIA,35,923,11.5,.544,.354,.189,5.1,14.8,9.9,12.1,1.4,1.1,10.9,17.6,,0.2,1.1,1.3,.070,,-2.1,-0.1,-2.2,-0.1,martica02
297,Cody Martin,SF,28,CHO,18,468,9.7,.472,.403,.187,2.9,11.7,7.1,18.1,2.2,2.1,13.8,16.2,,-0.3,0.2,-0.1,-0.006,,-3.8,0.0,-3.8,-0.2,martico01
298,KJ Martin,SF,23,TOT,36,349,8.4,.543,.191,.292,2.9,10.8,6.8,9.2,2.0,0.8,13.7,14.2,,0.0,0.4,0.3,.042,,-5.3,-0.2,-5.5,-0.3,martike04
298,KJ Martin,SF,23,LAC,2,31,6.8,.460,.500,.200,3.8,7.1,5.5,4.2,3.2,2.9,15.5,18.1,,-0.1,0.0,0.0,-0.027,,-7.0,0.7,-6.3,0.0,martike04
298,KJ Martin,SF,23,PHI,34,318,8.5,.553,.152,.304,2.8,11.2,6.9,9.7,1.8,0.6,13.5,13.9,,0.0,0.3,0.3,.049,,-5.2,-0.3,-5.5,-0.3,martike04
299,Garrison Mathews,SG,27,ATL,35,447,7.0,.663,.924,.130,2.1,8.6,5.2,4.4,1.0,0.8,13.4,10.3,,0.3,0.0,0.4,.042,,-2.9,-1.0,-3.9,-0.2,mathega01
300,Bennedict Mathurin,SF,21,IND,50,1287,13.1,.568,.309,.335,4.4,12.6,8.5,9.7,1.0,0.6,11.2,23.3,,0.7,0.4,1.1,.041,,-1.1,-2.5,-3.6,-0.5,mathube01
301,Wesley Matthews,SG,37,ATL,21,232,5.5,.451,.783,.413,1.8,11.7,6.5,6.6,2.0,1.5,9.9,10.6,,-0.1,0.1,0.0,.009,,-5.3,0.1,-5.2,-0.2,matthwe02
302,Tyrese Maxey,PG,23,PHI,46,1707,20.0,.577,.414,.289,1.6,8.8,5.2,26.7,1.3,1.3,6.7,27.3,,4.1,1.4,5.5,.154,,4.2,-1.2,3.0,2.2,maxeyty01
303,Skylar Mays,PG-SG,26,TOT,27,393,12.3,.470,.342,.114,2.7,9.1,5.7,31.5,2.1,0.7,10.8,19.0,,0.1,0.3,0.4,.044,,-1.8,-0.3,-2.1,0.0,mayssk01
303,Skylar Mays,PG,26,POR,21,356,11.8,.457,.355,.123,2.7,9.5,5.9,31.7,1.9,0.8,11.0,19.5,,0.0,0.2,0.2,.029,,-2.0,-0.5,-2.5,0.0,mayssk01
303,Skylar Mays,SG,26,LAL,6,37,17.4,.636,.182,.000,3.1,5.8,4.5,29.8,3.9,0.0,8.3,14.0,,0.1,0.0,0.1,.186,,-0.1,2.5,2.4,0.0,mayssk01
304,Miles McBride,PG,23,NYK,39,475,13.3,.576,.576,.105,2.1,6.3,4.2,12.4,2.2,0.6,7.0,19.2,,0.7,0.5,1.2,.123,,-0.6,0.9,0.3,0.3,mcbrimi01
305,CJ McCollum,PG,32,NOP,37,1186,18.6,.610,.539,.165,2.1,12.9,7.5,21.4,1.8,2.5,9.7,23.5,,2.2,1.5,3.7,.149,,3.6,0.6,4.2,1.9,mccolcj01
306,T.J. McConnell,PG,31,IND,42,731,18.6,.558,.067,.166,3.4,13.7,8.5,41.5,2.8,0.4,17.2,20.9,,1.2,0.6,1.8,.117,,1.2,-0.1,1.1,0.6,mccontj01
307,Jaden McDaniels,SF,23,MIN,42,1213,9.7,.596,.393,.096,3.2,7.2,5.3,6.7,1.5,1.5,12.3,15.7,,0.3,1.8,2.1,.085,,-2.9,0.8,-2.1,0.0,mcdanja02
308,Jalen McDaniels,SF,26,TOR,31,286,4.6,.421,.500,.192,3.4,12.2,7.7,7.3,1.9,0.9,13.1,19.5,,-0.6,0.2,-0.4,-0.074,,-7.4,-1.5,-8.9,-0.5,mcdanja01
309,Doug McDermott,SF,32,SAS,46,700,9.5,.620,.805,.079,1.2,6.3,3.7,11.1,0.7,0.2,9.7,14.8,,0.5,0.1,0.6,.042,,-1.2,-2.0,-3.2,-0.2,mcderdo01
310,JaVale McGee,C,36,SAC,38,307,18.8,.634,.034,.371,13.2,27.8,20.4,6.9,1.4,5.6,18.7,23.0,,0.2,0.5,0.6,.097,,-1.9,0.3,-1.6,0.0,mcgeeja01
311,Bryce McGowens,SG,21,CHO,41,672,8.9,.576,.462,.310,2.4,10.6,6.3,8.1,1.1,0.5,11.0,14.1,,0.3,0.1,0.4,.025,,-3.9,-1.5,-5.4,-0.6,mcgowbr01
312,Jordan McLaughlin,PG,27,MIN,30,279,14.6,.522,.568,.108,4.4,8.9,6.8,25.5,3.9,1.6,12.4,14.0,,0.3,0.6,0.9,.157,,0.6,4.4,5.0,0.5,mclaujo01
313,De'Anthony Melton,SG,25,PHI,33,959,13.1,.540,.588,.229,3.1,12.1,7.6,14.7,2.7,1.4,9.5,17.7,,0.7,1.2,1.9,.096,,-0.7,1.0,0.3,0.6,meltode01
314,Nathan Mensah,C,25,CHO,24,289,4.9,.479,.000,.480,10.3,13.6,11.8,3.8,1.0,4.4,31.6,6.6,,-0.1,0.1,0.1,.011,,-8.8,-0.2,-9.0,-0.5,mensana01
315,Sam Merrill,SG,27,CLE,35,558,15.4,.636,.862,.049,2.8,9.9,6.4,13.9,1.1,0.2,4.6,18.6,,1.3,0.7,2.0,.171,,2.6,-0.1,2.6,0.6,merrisa01
316,Chimezie Metu,C,26,PHO,37,447,13.9,.621,.392,.331,6.6,20.9,14.2,5.8,2.1,1.8,15.3,17.1,,0.4,0.6,1.0,.103,,-1.6,0.2,-1.4,0.1,metuch01
317,Vasilije Micić,PG,30,OKC,30,361,7.9,.498,.495,.209,0.3,6.8,3.7,25.7,1.2,0.8,22.6,15.5,,-0.2,0.3,0.1,.019,,-4.0,-1.4,-5.4,-0.3,micicva01
318,Khris Middleton,SF,32,MIL,43,1129,16.7,.590,.388,.191,2.6,14.9,9.0,27.2,1.6,0.9,14.2,23.6,,1.4,0.9,2.4,.101,,0.9,-0.3,0.7,0.8,middlkh01
319,Brandon Miller,SF,21,CHO,44,1383,12.6,.552,.433,.158,2.8,11.7,7.0,11.2,1.3,1.5,9.7,22.9,,0.0,0.3,0.4,.013,,-1.2,-2.0,-3.2,-0.4,millebr02
320,Jordan Miller,SF,24,LAC,4,16,12.1,.700,.200,.000,14.7,6.8,10.6,0.0,0.0,0.0,16.7,16.3,,0.0,0.0,0.0,.083,,-1.0,-4.4,-5.4,0.0,millejo02
321,Leonard Miller,SF,20,MIN,6,21,28.6,.750,.300,.000,5.8,46.2,27.3,9.1,2.3,4.2,9.1,23.1,,0.0,0.1,0.1,.261,,3.6,5.2,8.8,0.1,millele01
322,Dariq Whitehead,SF,19,BRK,2,24,4.8,.255,.600,.400,0.0,18.5,9.0,15.1,0.0,3.7,0.0,10.5,,0.0,0.0,0.0,-0.031,,-5.6,-2.4,-8.0,0.0,whiteda01
323,Patty Mills,PG,35,ATL,19,202,6.5,.500,.667,.000,2.6,8.4,5.4,8.5,2.1,0.4,13.6,11.9,,-0.1,0.1,0.0,.004,,-4.3,0.3,-4.0,-0.1,millspa02
324,Shake Milton,SG,27,MIN,38,491,8.2,.496,.331,.275,1.8,9.7,6.0,14.1,1.6,0.9,13.5,18.6,,-0.3,0.8,0.4,.042,,-4.9,0.7,-4.3,-0.3,miltosh01
325,Justin Minaya,SF,24,POR,15,138,4.8,.365,.636,.273,5.4,7.8,6.5,5.6,1.8,3.3,14.0,8.8,,-0.1,0.1,0.0,-0.010,,-5.4,-0.2,-5.6,-0.1,minayju01
326,Josh Minott,SF,21,MIN,16,50,19.2,.590,.286,.571,4.9,4.3,4.6,9.2,2.0,5.3,3.7,24.1,,0.1,0.1,0.2,.202,,0.4,1.7,2.1,0.1,minotjo01
327,Davion Mitchell,PG,25,SAC,40,514,6.7,.480,.503,.159,1.3,7.6,4.4,17.4,0.8,0.4,12.4,14.7,,-0.1,0.2,0.1,.014,,-4.7,-1.1,-5.9,-0.5,mitchda01
328,Donovan Mitchell,SG,27,CLE,41,1452,23.8,.601,.438,.278,3.1,13.7,8.5,29.4,2.6,1.4,10.7,32.4,,3.3,2.6,5.9,.195,,5.7,1.8,7.5,3.5,mitchdo01
329,Evan Mobley,PF,22,CLE,27,851,19.2,.628,.055,.257,8.4,27.0,17.9,13.6,1.3,4.1,13.9,20.2,,1.3,1.8,3.1,.173,,0.2,2.3,2.4,1.0,mobleev01
330,Isaiah Mobley,PF,24,CLE,3,14,15.9,.625,.500,.000,0.0,15.4,7.9,38.5,3.5,0.0,20.0,15.5,,0.0,0.0,0.1,.191,,0.6,4.5,5.2,0.0,mobleis01
331,Malik Monk,SG,25,SAC,49,1259,16.0,.578,.518,.254,1.6,10.6,6.0,29.9,1.1,2.2,14.0,24.6,,1.5,0.9,2.4,.092,,2.0,-0.9,1.1,0.9,monkma01
332,Moses Moody,SG,21,GSW,37,659,14.6,.597,.483,.239,6.7,11.6,9.2,6.8,1.8,1.9,9.3,18.5,,0.8,0.6,1.5,.106,,0.6,0.2,0.8,0.5,moodymo01
333,Xavier Moon,SG,29,LAC,2,12,6.9,.500,.500,.000,0.0,18.2,9.5,30.6,0.0,0.0,33.3,10.9,,0.0,0.0,0.0,.027,,-3.4,1.1,-2.3,0.0,moonxa01
334,Taze Moore,SG,25,POR,3,10,14.2,.600,.400,.000,0.0,0.0,0.0,19.5,4.9,0.0,16.7,25.5,,0.0,0.0,0.0,.018,,-4.7,1.7,-3.0,0.0,mooreta02
335,Wendell Moore Jr.,SG,22,MIN,14,44,8.6,.500,.400,.000,0.0,14.7,7.8,6.1,5.6,2.0,23.1,13.0,,-0.1,0.1,0.0,.046,,-7.2,6.0,-1.3,0.0,moorewe01
336,Ja Morant,PG,24,MEM,9,318,20.3,.570,.300,.376,2.0,15.8,8.6,41.6,1.1,1.5,12.0,30.4,,0.5,0.3,0.8,.119,,2.6,0.4,3.1,0.4,moranja01
337,Marcus Morris,PF,34,PHI,37,637,10.4,.559,.439,.176,3.1,15.8,9.4,5.5,1.0,1.5,7.9,16.0,,0.3,0.6,0.9,.071,,-2.3,-1.2,-3.4,-0.2,morrima03
338,Markieff Morris,PF,34,DAL,17,156,5.8,.443,.612,.082,2.8,18.6,10.6,9.0,1.5,0.6,15.1,16.4,,-0.3,0.1,-0.1,-0.035,,-4.6,-1.3,-6.0,-0.2,morrima02
339,Monte Morris,PG,28,DET,6,68,8.3,.398,.333,.061,3.3,16.9,10.0,16.9,0.7,1.2,5.6,22.3,,-0.1,0.0,-0.1,-0.069,,-4.6,-2.3,-6.9,-0.1,morrimo01
340,Trey Murphy III,SF,23,NOP,26,669,13.9,.577,.697,.189,2.2,14.0,8.1,9.1,1.2,1.3,5.0,19.3,,0.8,0.7,1.5,.110,,0.8,-0.8,0.0,0.3,murphtr02
341,Dejounte Murray,SG,27,ATL,49,1715,16.7,.561,.349,.181,2.0,14.1,7.8,22.4,1.7,0.7,10.4,24.9,,2.0,0.7,2.7,.075,,1.3,-1.0,0.3,1.0,murrade01
342,Jamal Murray,PG,26,DEN,38,1214,20.4,.577,.355,.191,2.5,11.5,7.1,31.7,1.3,1.9,9.5,27.6,,2.5,1.2,3.8,.149,,4.7,-0.5,4.2,1.9,murraja01
343,Keegan Murray,SF,23,SAC,46,1496,13.5,.574,.514,.134,4.3,14.3,9.1,7.2,1.7,1.7,5.9,18.4,,1.4,1.4,2.8,.090,,-0.6,-0.6,-1.2,0.3,murrake02
344,Kris Murray,SF,23,POR,31,408,9.4,.494,.495,.108,5.5,10.9,8.0,7.3,2.9,1.5,12.8,13.9,,-0.2,0.4,0.2,.028,,-3.5,0.7,-2.8,-0.1,murrakr01
345,Mike Muscala,C,32,TOT,34,480,8.5,.512,.629,.177,6.7,16.1,11.3,7.9,0.6,2.0,11.9,13.3,,0.0,0.2,0.2,.019,,-3.3,-1.5,-4.8,-0.3,muscami01
345,Mike Muscala,C,32,WAS,24,338,7.6,.481,.567,.222,6.8,17.0,11.8,8.1,0.7,1.7,13.9,14.3,,-0.2,0.1,0.0,-0.007,,-4.6,-1.8,-6.4,-0.4,muscami01
345,Mike Muscala,C,32,DET,10,142,10.7,.602,.794,.059,6.2,13.8,9.9,7.3,0.3,2.9,5.4,11.0,,0.2,0.0,0.2,.080,,-0.1,-0.8,-0.9,0.0,muscami01
346,Svi Mykhailiuk,SF,26,BOS,22,168,7.4,.465,.825,.095,3.3,9.0,6.3,7.8,2.0,0.0,8.4,18.3,,-0.1,0.2,0.1,.023,,-4.3,-0.5,-4.8,-0.1,mykhasv01
347,Larry Nance Jr.,C,31,NOP,33,599,15.7,.666,.312,.240,8.0,23.0,15.5,9.7,2.8,2.1,14.3,11.5,,1.0,1.1,2.1,.167,,0.1,2.6,2.7,0.7,nancela02
348,Pete Nance,PF,23,CLE,2,4,-18.7,.000,.000,.000,0.0,0.0,0.0,0.0,0.0,0.0,0.0,21.6,,0.0,0.0,0.0,-0.483,,-19.5,-8.9,-28.4,0.0,nancepe01
349,Andrew Nembhard,PG,24,IND,39,859,11.5,.550,.291,.116,2.9,6.3,4.6,25.4,1.7,0.3,18.1,18.8,,0.3,0.2,0.6,.033,,-1.6,-1.5,-3.1,-0.2,nembhan01
350,Aaron Nesmith,SF,24,IND,48,1299,14.1,.660,.529,.208,4.1,12.7,8.4,6.7,1.9,1.9,9.3,16.1,,2.0,0.8,2.9,.106,,0.5,0.0,0.4,0.8,nesmiaa01
351,Georges Niang,PF,30,CLE,50,1092,9.6,.559,.624,.098,1.8,16.6,9.4,8.0,0.5,0.8,8.4,17.4,,0.4,1.4,1.8,.080,,-2.7,0.0,-2.7,-0.2,niangge01
352,Daishen Nix,PG,21,MIN,7,24,8.6,.463,.727,.182,0.0,4.5,2.4,6.1,2.1,0.0,0.0,21.8,,0.0,0.0,0.0,.013,,-3.5,-0.8,-4.2,0.0,nixda01
353,Zeke Nnaji,PF,23,DEN,37,347,11.1,.522,.174,.424,13.5,12.0,12.7,7.3,1.3,4.9,18.0,16.7,,0.0,0.5,0.5,.063,,-4.7,-0.3,-5.0,-0.3,nnajize01
354,Jaylen Nowell,SG,24,MEM,9,156,6.6,.453,.418,.055,2.0,8.1,4.9,15.5,0.9,0.0,8.2,16.9,,-0.1,0.1,0.0,-0.008,,-6.0,-1.4,-7.4,-0.2,nowelja01
355,Markquis Nowell,SG,24,TOR,1,4,55.6,.532,.000,2.000,54.4,0.0,27.7,56.3,12.2,0.0,0.0,20.2,,0.0,0.0,0.1,.680,,28.9,14.4,43.3,0.0,nowelma01
356,Frank Ntilikina,PG,25,CHO,5,43,0.0,.253,.889,.222,2.5,13.9,7.8,11.3,0.0,0.0,9.2,11.0,,-0.1,0.0,-0.1,-0.103,,-10.0,-3.5,-13.5,-0.1,ntilila01
357,Jusuf Nurkić,C,29,PHO,49,1342,17.9,.575,.188,.364,11.8,30.1,21.5,18.7,1.8,3.1,16.5,19.8,,1.6,2.3,3.9,.140,,-0.7,1.5,0.8,1.0,nurkiju01
358,Jordan Nwora,SF,25,TOT,24,285,14.4,.581,.455,.198,5.1,14.5,9.7,14.2,1.7,0.9,12.0,22.1,,0.2,0.2,0.4,.070,,-0.3,-1.7,-2.0,0.0,nworajo01
358,Jordan Nwora,SF,25,IND,18,183,12.1,.541,.439,.134,5.0,15.7,10.3,12.7,1.5,0.4,12.1,22.5,,0.0,0.1,0.1,.022,,-1.9,-2.3,-4.2,-0.1,nworajo01
358,Jordan Nwora,SF,25,TOR,6,102,18.7,.660,.487,.333,5.3,12.2,8.7,16.8,1.9,1.7,11.8,21.3,,0.2,0.1,0.3,.154,,2.6,-0.7,1.9,0.1,nworajo01
359,Royce O'Neale,SF,30,BRK,49,1202,10.2,.544,.815,.068,3.3,16.9,9.9,14.9,1.3,2.2,13.2,13.7,,0.5,1.1,1.6,.065,,-1.5,0.9,-0.7,0.4,onealro01
360,Chuma Okeke,SF,25,ORL,31,374,7.8,.489,.724,.051,5.4,16.6,10.9,6.1,0.9,1.7,10.7,12.9,,-0.1,0.5,0.4,.046,,-2.6,-0.2,-2.8,-0.1,okekech01
361,Josh Okogie,SG,25,PHO,46,815,11.7,.540,.451,.514,8.9,9.4,9.2,8.2,2.5,2.2,10.5,12.6,,0.8,0.9,1.7,.101,,-1.7,0.9,-0.7,0.3,okogijo01
362,Onyeka Okongwu,C,23,ATL,50,1268,16.5,.680,.190,.324,10.9,18.6,14.6,7.0,0.8,3.7,10.5,13.2,,3.1,0.7,3.8,.145,,-0.1,-0.5,-0.6,0.4,okongon01
363,Isaac Okoro,SF,23,CLE,41,1077,11.5,.597,.383,.345,5.1,8.0,6.6,9.1,1.6,1.6,10.2,13.4,,1.2,1.5,2.7,.123,,-2.0,1.4,-0.6,0.4,okorois01
364,Kelly Olynyk,C,32,UTA,50,1019,17.1,.677,.326,.368,6.9,20.3,13.6,29.1,1.7,1.0,21.3,15.5,,2.4,0.9,3.3,.154,,1.2,1.6,2.8,1.2,olynyke01
365,Eugene Omoruyi,SF,26,WAS,21,146,24.4,.613,.274,.370,13.7,16.3,15.0,18.4,4.8,0.6,11.5,27.7,,0.3,0.2,0.5,.167,,2.7,1.4,4.1,0.2,omorueu01
366,Cedi Osman,SF,28,SAS,52,944,11.5,.594,.568,.162,2.1,13.0,7.5,13.1,1.4,0.8,9.4,15.6,,0.7,0.5,1.2,.063,,-1.6,-0.7,-2.3,-0.1,osmande01
367,Kelly Oubre Jr.,SF,28,PHI,38,1065,13.1,.553,.407,.236,4.3,12.5,8.4,5.1,2.0,1.7,6.5,19.8,,0.7,1.2,1.9,.084,,-1.5,-0.8,-2.2,0.0,oubreke01
368,Chris Paul,PG,38,GSW,32,882,14.3,.543,.486,.171,1.2,13.6,7.5,33.7,2.0,0.3,12.6,14.4,,1.7,0.8,2.5,.135,,0.1,1.0,1.1,0.7,paulch01
369,Cameron Payne,PG,29,MIL,47,702,12.4,.603,.590,.198,0.8,8.7,4.9,20.0,1.5,0.3,11.4,16.5,,1.0,0.4,1.4,.099,,-1.0,-0.5,-1.5,0.1,payneca01
370,Gary Payton II,SG,31,GSW,16,261,11.2,.524,.405,.114,6.7,13.3,10.0,6.6,3.1,1.7,10.8,15.0,,0.0,0.3,0.4,.071,,-2.8,2.1,-0.7,0.1,paytoga02
371,Drew Peterson,PF,24,BOS,1,3,43.4,1.500,1.000,.000,0.0,0.0,0.0,59.6,0.0,0.0,0.0,14.3,,0.0,0.0,0.0,.747,,28.4,13.5,41.9,0.0,peterdr01
372,Filip Petrušev,C,23,TOT,3,10,5.0,.521,.000,1.000,0.0,11.1,5.5,0.0,0.0,0.0,0.0,12.3,,0.0,0.0,0.0,.023,,-4.9,-3.3,-8.2,0.0,petrufi01
372,Filip Petrušev,C,23,PHI,1,3,4.0,,,,0.0,36.9,18.4,0.0,0.0,0.0,,0.0,,0.0,0.0,0.0,.060,,-3.0,-2.1,-5.1,0.0,petrufi01
372,Filip Petrušev,C,23,SAC,2,7,5.4,.521,.000,1.000,0.0,0.0,0.0,0.0,0.0,0.0,0.0,17.5,,0.0,0.0,0.0,.006,,-5.7,-3.8,-9.5,0.0,petrufi01
373,Julian Phillips,SF,20,CHI,28,184,4.5,.481,.523,.250,3.6,7.5,5.5,5.8,0.3,3.4,12.5,13.3,,-0.1,0.1,0.0,-0.004,,-6.8,-1.0,-7.8,-0.3,phillju01
374,Jalen Pickett,SG,24,DEN,16,97,9.2,.571,.714,.071,1.2,11.3,6.3,15.7,1.5,0.0,17.2,15.6,,0.0,0.1,0.1,.052,,-2.4,-0.6,-3.0,0.0,pickeja02
375,Scotty Pippen Jr.,PG,23,MEM,7,156,16.8,.637,.346,.404,4.1,13.2,8.5,30.2,2.5,1.8,19.7,21.0,,0.2,0.2,0.4,.128,,0.7,1.9,2.6,0.2,pippesc02
376,Mason Plumlee,C,33,LAC,20,368,16.8,.681,.000,.707,10.3,26.2,18.5,8.5,0.9,1.7,10.9,13.1,,0.9,0.5,1.4,.184,,0.3,0.2,0.5,0.2,plumlma01
377,Brandin Podziemski,SG,20,GSW,43,1116,13.3,.541,.387,.150,6.5,17.5,12.1,18.9,1.6,0.6,11.9,16.1,,1.2,1.1,2.3,.098,,-0.5,0.5,0.0,0.5,podzibr01
378,Jakob Poeltl,C,28,TOR,40,1069,18.0,.687,.000,.314,10.9,24.3,17.5,12.7,1.1,4.6,17.3,15.3,,1.8,1.2,3.1,.138,,-0.7,1.0,0.3,0.6,poeltja01
379,Aleksej Pokusevski,PF,22,OKC,9,55,3.3,.358,.667,.267,4.3,15.6,10.2,10.7,0.9,1.7,15.2,15.6,,-0.1,0.1,-0.1,-0.052,,-7.5,-2.0,-9.5,-0.1,pokusal01
380,Jordan Poole,SG,24,WAS,48,1392,10.6,.515,.448,.213,1.3,7.2,4.2,17.7,1.6,1.0,12.1,25.5,,-1.4,0.4,-0.9,-0.032,,-3.8,-2.2,-6.0,-1.4,poolejo01
381,Craig Porter Jr.,PG,23,CLE,32,469,15.9,.559,.127,.279,3.6,14.7,9.3,27.5,1.8,2.3,15.1,20.1,,0.4,0.8,1.2,.126,,-0.8,1.8,1.1,0.4,portecr01
382,Jontay Porter,PF,24,TOR,14,200,14.6,.498,.541,.197,8.2,19.2,13.6,18.7,2.7,4.8,12.0,16.2,,0.1,0.3,0.4,.103,,-1.0,1.9,0.9,0.1,portejo01
383,Michael Porter Jr.,SF,25,DEN,52,1640,14.7,.590,.527,.095,4.7,19.8,12.4,6.1,0.7,2.0,7.4,20.2,,1.6,1.9,3.5,.101,,0.8,-1.3,-0.5,0.6,portemi01
384,Otto Porter Jr.,SF,30,TOR,15,174,8.7,.568,.697,.091,3.8,14.9,9.2,5.7,1.4,2.5,5.5,9.0,,0.1,0.1,0.3,.077,,-3.7,0.4,-3.3,-0.1,porteot01
385,Bobby Portis,PF,28,MIL,52,1246,15.7,.572,.296,.167,7.7,23.6,15.9,6.1,1.5,1.4,7.8,20.9,,1.2,1.4,2.5,.098,,-1.0,-1.1,-2.1,0.0,portibo01
386,Kristaps Porziņģis,C,28,BOS,37,1100,22.3,.656,.401,.431,6.0,17.6,12.1,10.0,1.1,5.6,10.0,24.3,,3.0,2.0,4.9,.215,,3.0,1.7,4.7,1.9,porzikr01
387,Micah Potter,PF,25,UTA,2,7,1.6,.000,1.000,.000,0.0,61.8,31.3,0.0,0.0,0.0,0.0,5.9,,0.0,0.0,0.0,-0.061,,-8.3,-3.4,-11.6,0.0,pottemi01
388,Dwight Powell,C,32,DAL,45,712,15.1,.744,.022,.880,12.4,15.4,13.9,12.9,1.5,2.1,17.5,9.3,,2.1,0.6,2.7,.183,,-0.6,0.8,0.2,0.4,poweldw01
389,Norman Powell,SG,30,LAC,50,1266,14.2,.638,.488,.233,0.7,10.4,5.7,5.7,1.0,1.2,7.5,19.8,,2.0,1.0,3.0,.112,,0.5,-1.0,-0.5,0.5,powelno01
390,Jason Preston,PG,24,UTA,1,1,-11.9,,,,100.0,0.0,54.7,0.0,0.0,0.0,100.0,41.5,,0.0,0.0,0.0,-0.928,,-8.0,-17.3,-25.2,0.0,prestja01
391,Joshua Primo,SG,21,LAC,1,5,-15.5,.500,.500,.000,0.0,0.0,0.0,0.0,0.0,18.0,60.0,43.5,,-0.1,0.0,-0.1,-0.795,,-20.2,-8.2,-28.4,0.0,primojo01
392,Taurean Prince,PF,29,LAL,50,1518,8.5,.577,.652,.112,0.9,9.6,5.4,7.4,1.4,1.4,10.0,13.3,,0.2,1.3,1.4,.046,,-2.9,0.0,-2.9,-0.3,princta02
393,Payton Pritchard,PG,26,BOS,51,1058,13.1,.564,.676,.107,4.8,10.7,7.9,18.3,1.1,0.5,8.1,15.6,,1.8,1.2,3.0,.138,,0.3,0.3,0.5,0.7,pritcpa01
394,Olivier-Maxence Prosper,PF,21,DAL,27,243,10.2,.470,.478,.507,7.6,18.4,12.9,9.9,0.6,0.7,4.7,15.1,,0.2,0.2,0.3,.062,,-2.3,-1.6,-3.9,-0.1,prospol01
395,Trevelin Queen,SG,26,ORL,12,155,9.1,.484,.444,.333,2.2,11.4,6.7,15.5,2.2,3.0,14.5,13.4,,0.0,0.2,0.2,.064,,-4.2,1.7,-2.5,0.0,queentr01
396,Neemias Queta,C,24,BOS,22,269,19.2,.634,.000,.270,17.3,21.0,19.2,5.6,1.6,4.6,8.8,14.5,,0.7,0.5,1.3,.227,,-1.0,0.6,-0.4,0.1,quetane01
397,Immanuel Quickley,SG-PG,24,TOT,46,1229,16.1,.577,.472,.266,1.0,11.7,6.3,20.6,1.0,0.4,7.6,23.4,,2.3,0.9,3.2,.126,,2.0,-0.9,1.0,1.0,quickim01
397,Immanuel Quickley,SG,24,NYK,30,720,16.8,.598,.484,.281,0.8,11.0,5.9,15.6,1.1,0.4,7.6,24.1,,1.5,0.7,2.2,.149,,2.4,-0.2,2.3,0.8,quickim01
397,Immanuel Quickley,PG,24,TOR,16,509,15.2,.545,.455,.243,1.3,12.6,6.9,27.6,1.0,0.3,7.5,22.4,,0.8,0.2,1.0,.094,,1.3,-2.0,-0.7,0.2,quickim01
398,Lester Quinones,SG,23,GSW,15,185,10.5,.557,.619,.190,7.1,14.6,10.9,12.2,0.8,1.0,13.9,18.0,,0.1,0.1,0.2,.061,,-1.9,-1.1,-2.9,0.0,quinole01
399,Julius Randle,PF,29,NYK,46,1630,18.6,.569,.292,.361,6.8,21.9,14.4,22.3,0.8,0.7,14.1,29.5,,1.9,2.0,3.9,.115,,1.9,-0.3,1.7,1.5,randlju01
400,Duop Reath,C,27,POR,38,667,16.4,.607,.515,.191,8.3,16.9,12.4,10.8,1.4,2.4,9.3,20.0,,1.1,0.6,1.7,.122,,0.7,-0.2,0.6,0.4,reathdu01
401,Austin Reaves,SG,25,LAL,53,1645,15.4,.611,.429,.327,2.7,11.0,7.0,24.4,1.4,0.5,14.3,20.6,,2.3,1.3,3.6,.106,,0.5,-0.5,0.0,0.8,reaveau01
402,Cam Reddish,SF,24,LAL,35,815,8.4,.519,.463,.224,2.7,8.5,5.7,7.3,2.5,1.2,11.8,13.5,,-0.3,0.9,0.6,.036,,-4.1,1.1,-2.9,-0.2,reddica01
403,Paul Reed,C,24,PHI,50,833,16.4,.571,.117,.154,13.3,20.1,16.7,10.2,2.1,4.0,12.0,15.3,,1.2,1.3,2.5,.143,,-1.0,0.6,-0.4,0.3,reedpa01
404,Naz Reid,C,24,MIN,52,1163,15.8,.607,.492,.151,4.9,17.9,11.8,7.3,1.6,3.0,10.8,22.5,,0.7,2.3,3.0,.124,,0.6,1.1,1.7,1.1,reidna01
405,Jared Rhoden,SG,24,DET,6,42,10.1,.631,.364,.182,2.6,11.0,6.7,13.0,0.0,3.9,20.2,15.0,,0.0,0.0,0.0,.028,,-2.2,0.1,-2.1,0.0,rhodeja01
406,Nick Richards,C,26,CHO,41,1054,16.6,.711,.000,.548,10.9,24.3,17.2,4.8,0.6,4.6,13.8,12.9,,2.3,0.7,2.9,.133,,-1.7,-0.8,-2.6,-0.2,richani01
407,Josh Richardson,SG,30,MIA,42,1096,11.3,.575,.547,.157,1.8,10.8,6.2,13.8,1.1,1.2,8.9,16.3,,0.9,1.1,2.0,.086,,-1.5,-0.1,-1.6,0.1,richajo01
408,Duncan Robinson,SF,29,MIA,47,1279,12.3,.610,.676,.147,1.0,9.3,5.0,15.6,1.1,0.7,11.4,19.5,,1.0,1.2,2.2,.083,,-0.4,-0.9,-1.3,0.2,robindu01
409,Jerome Robinson,SG,26,GSW,9,30,-2.5,.172,.556,.667,3.7,7.2,5.4,7.5,0.0,3.0,0.0,16.3,,-0.1,0.0,-0.1,-0.169,,-11.2,-5.0,-16.2,-0.1,robinje01
410,Mitchell Robinson,C,25,NYK,21,613,16.0,.567,.000,.388,20.3,18.7,19.5,3.2,2.6,4.1,15.5,9.4,,0.9,1.1,2.0,.159,,-0.4,1.0,0.6,0.4,robinmi01
411,Orlando Robinson,C,23,MIA,22,235,14.4,.601,.213,.361,9.0,22.0,15.4,16.6,1.1,2.9,15.5,15.7,,0.3,0.3,0.7,.134,,-1.9,0.8,-1.1,0.1,robinor01
412,Jeremiah Robinson-Earl,PF,23,NOP,20,208,13.7,.621,.379,.190,8.0,18.0,13.0,6.4,1.6,1.4,12.5,14.8,,0.3,0.3,0.5,.121,,-0.8,0.0,-0.8,0.1,robinje02
413,David Roddy,PF,22,MEM,48,1114,8.6,.485,.404,.174,4.8,15.3,9.9,10.3,1.1,0.9,11.5,18.1,,-1.0,1.1,0.1,.005,,-4.0,-1.0,-5.0,-0.8,roddyda01
414,Ryan Rollins,PG,21,WAS,10,66,22.6,.631,.120,.680,3.2,14.8,8.9,23.7,5.7,3.7,17.7,25.2,,0.1,0.1,0.2,.141,,0.4,4.4,4.8,0.1,rolliry01
415,Derrick Rose,PG,35,MEM,19,332,12.9,.531,.262,.170,2.2,9.3,5.6,30.9,1.2,0.6,14.2,22.9,,0.0,0.3,0.3,.042,,-1.5,-1.2,-2.6,-0.1,rosede01
416,Terry Rozier,SG-PG,29,TOT,39,1340,17.5,.556,.416,.230,2.0,11.7,6.6,29.7,1.5,1.0,9.5,26.1,,1.6,0.5,2.1,.077,,2.5,-1.3,1.2,1.1,roziete01
416,Terry Rozier,SG,29,CHO,30,1065,19.0,.574,.423,.235,1.7,11.2,6.2,30.4,1.5,1.0,9.7,27.3,,1.6,0.2,1.8,.083,,3.7,-1.6,2.0,1.1,roziete01
416,Terry Rozier,PG,29,MIA,9,275,12.0,.463,.384,.205,3.2,13.8,8.4,26.9,1.4,0.7,8.3,21.4,,0.0,0.3,0.3,.054,,-2.2,0.0,-2.2,0.0,roziete01
417,Rayan Rupert,SG,19,POR,16,119,8.3,.451,.395,.186,6.3,14.1,10.0,13.4,1.2,0.0,11.4,18.8,,-0.1,0.1,0.0,-0.014,,-3.6,-2.4,-6.0,-0.1,ruperra01
418,D'Angelo Russell,PG,27,LAL,48,1487,16.1,.586,.462,.175,1.4,8.0,4.8,29.3,1.2,1.5,11.7,23.2,,1.8,1.1,2.9,.094,,1.6,-0.9,0.7,1.0,russeda01
419,Matt Ryan,SF,26,NOP,13,298,9.9,.679,.819,.169,1.9,9.2,5.6,6.1,0.8,0.3,15.2,15.1,,0.3,0.2,0.5,.079,,-0.7,-1.1,-1.8,0.0,ryanma01
420,Domantas Sabonis,C,27,SAC,50,1780,23.0,.660,.087,.384,9.8,32.3,20.8,33.8,1.1,1.3,18.0,22.0,,5.3,2.1,7.4,.201,,3.9,2.2,6.1,3.6,sabondo01
421,Luka Šamanić,PF,24,UTA,24,142,7.9,.477,.383,.350,6.2,25.1,15.8,3.9,0.3,1.9,13.7,23.5,,-0.2,0.1,-0.1,-0.039,,-6.1,-3.0,-9.1,-0.3,samanlu01
422,Jermaine Samuels,SF,25,HOU,11,53,15.2,.758,.182,.182,4.1,18.4,11.2,5.3,0.9,1.8,0.0,9.6,,0.1,0.1,0.2,.193,,-0.3,1.2,0.9,0.0,samueje01
423,Adama Sanogo,PF,21,CHI,3,11,32.5,.926,.000,1.000,19.9,41.7,30.5,0.0,0.0,0.0,18.8,21.2,,0.1,0.0,0.1,.282,,9.0,1.7,10.7,0.0,sanogad01
424,Gui Santos,PF,21,GSW,11,107,15.8,.615,.367,.500,11.3,19.2,15.3,8.6,0.9,1.7,7.6,15.5,,0.3,0.1,0.4,.172,,-0.4,-0.2,-0.7,0.0,santogu01
425,Dario Šarić,C,29,GSW,47,938,17.0,.629,.506,.254,7.5,21.4,14.5,17.6,1.5,0.8,13.8,19.5,,1.9,1.0,2.9,.147,,1.9,0.6,2.5,1.1,saricda01
426,Olivier Sarr,C,24,OKC,11,81,12.3,.625,.429,.714,11.6,30.4,21.4,3.0,0.0,6.9,14.0,11.5,,0.1,0.1,0.3,.158,,-4.3,0.2,-4.1,0.0,sarrol01
427,Marcus Sasser,PG,23,DET,46,747,14.9,.604,.452,.134,0.9,9.9,5.3,26.0,1.5,0.9,12.3,19.3,,1.1,0.2,1.3,.086,,0.7,-0.8,-0.1,0.4,sassema01
428,Admiral Schofield,PF,26,ORL,12,46,-0.9,.378,.600,.133,2.5,15.3,8.8,11.9,0.0,0.0,20.1,18.6,,-0.2,0.0,-0.1,-0.123,,-9.3,-2.2,-11.6,-0.1,schofad01
429,Dennis Schröder,PG,30,TOR,51,1559,13.9,.559,.394,.267,1.5,8.5,5.0,27.5,1.4,0.4,11.7,19.5,,2.0,0.7,2.7,.083,,-0.6,-1.1,-1.8,0.1,schrode01
430,Dereon Seabron,SG,23,NOP,5,52,9.1,.448,.154,.462,2.1,12.7,7.5,9.4,1.9,1.9,0.0,12.9,,0.0,0.1,0.1,.082,,-3.0,1.3,-1.7,0.0,seabrde01
431,Alperen Şengün,C,21,HOU,50,1632,22.3,.593,.122,.337,9.2,21.8,15.5,26.1,1.7,2.0,12.5,27.3,,3.0,2.7,5.8,.169,,3.2,1.8,5.0,2.9,sengual01
432,Brice Sensabaugh,SF,20,UTA,4,12,11.4,.417,.333,.000,9.2,18.0,13.7,23.3,0.0,0.0,0.0,20.8,,0.0,0.0,0.0,.055,,-1.1,-3.3,-4.4,0.0,sensabr01
433,Collin Sexton,SG,25,UTA,53,1292,19.8,.608,.325,.380,3.9,7.4,5.7,28.8,1.3,0.7,11.9,27.8,,3.3,0.5,3.8,.140,,3.5,-1.6,1.9,1.3,sextoco01
434,Landry Shamet,SG,26,WAS,33,495,12.5,.574,.549,.191,2.5,7.2,4.9,13.0,1.5,1.1,8.3,20.5,,0.3,0.1,0.5,.044,,-1.4,-1.6,-3.0,-0.1,shamela01
435,Day'Ron Sharpe,C,22,BRK,37,592,21.3,.598,.036,.456,18.1,29.1,23.4,13.2,1.4,4.8,13.8,19.4,,1.2,0.9,2.1,.173,,0.1,0.7,0.8,0.4,sharpda01
436,Shaedon Sharpe,SG,20,POR,32,1059,11.3,.524,.415,.274,4.2,13.4,8.5,13.7,1.3,1.0,12.9,22.4,,-0.3,0.7,0.4,.018,,-2.1,-0.9,-3.0,-0.3,sharpsh01
437,Ben Sheppard,SG,22,IND,31,333,7.4,.487,.667,.161,2.4,11.1,6.7,8.2,2.1,0.2,5.7,13.2,,0.0,0.2,0.2,.031,,-4.4,-0.2,-4.6,-0.2,sheppbe01
438,Pascal Siakam,PF,29,TOT,51,1751,19.1,.605,.220,.331,5.2,16.1,10.6,21.5,1.2,0.6,10.3,25.2,,3.3,1.0,4.3,.118,,2.4,-0.7,1.7,1.7,siakapa01
438,Pascal Siakam,PF,29,TOR,39,1354,18.8,.600,.233,.358,4.3,16.0,10.1,21.7,1.1,0.6,10.3,25.5,,2.4,0.8,3.2,.113,,2.0,-0.7,1.3,1.1,siakapa01
438,Pascal Siakam,PF,29,IND,12,397,20.3,.624,.180,.243,8.0,16.5,12.3,20.8,1.2,0.6,10.3,24.4,,0.9,0.2,1.1,.135,,3.6,-0.4,3.2,0.5,siakapa01
439,Ben Simmons,PG,27,BRK,10,263,16.1,.586,.000,.115,10.3,27.9,18.8,32.9,1.1,2.0,26.8,12.1,,0.4,0.3,0.7,.133,,-0.4,2.5,2.1,0.3,simmobe01
440,Anfernee Simons,SG,24,POR,29,974,17.3,.580,.479,.227,1.6,10.7,5.9,27.4,0.7,0.4,11.1,28.8,,1.3,0.4,1.7,.083,,3.4,-2.3,1.1,0.8,simonan01
441,Jericho Sims,C,25,NYK,26,241,10.6,.731,.000,.259,9.2,16.5,12.9,4.2,0.4,3.8,18.9,6.5,,0.3,0.3,0.6,.123,,-2.7,0.7,-2.0,0.0,simsje01
442,Dmytro Skapintsev,C,25,NYK,2,2,-19.0,.000,.000,.000,0.0,0.0,0.0,0.0,0.0,0.0,0.0,21.3,,0.0,0.0,0.0,-0.470,,-16.4,-9.8,-26.1,0.0,skapidm01
443,Jalen Slawson,SF,24,SAC,5,19,5.4,.667,.333,.000,0.0,24.3,11.9,13.2,0.0,4.8,40.0,11.2,,0.0,0.0,0.0,-0.011,,-7.3,1.3,-6.0,0.0,slawsja01
444,Javonte Smart,PG,24,PHI,1,1,0.0,,,,0.0,0.0,0.0,0.0,0.0,0.0,,0.0,,0.0,0.0,0.0,.004,,-6.2,-2.2,-8.4,0.0,smartja01
445,Marcus Smart,PG,29,MEM,20,605,11.7,.552,.565,.236,1.0,8.9,4.8,22.4,3.3,0.8,19.2,23.0,,-0.6,0.8,0.2,.018,,-3.5,1.0,-2.4,-0.1,smartma01
446,Dennis Smith Jr.,PG,26,BRK,35,702,14.1,.502,.274,.175,5.8,12.8,9.2,28.2,3.1,1.1,14.9,18.0,,0.4,0.8,1.2,.085,,-2.3,2.1,-0.2,0.3,smithde03
447,Dru Smith,SG,26,MIA,9,131,12.7,.576,.515,.061,5.1,7.0,6.0,15.1,3.4,2.2,12.9,13.1,,0.1,0.2,0.3,.117,,-2.0,3.0,1.0,0.1,smithdr01
448,Ish Smith,PG,35,CHO,43,741,6.7,.435,.051,.025,1.6,10.5,5.8,25.8,1.1,0.5,22.7,12.1,,-0.6,0.1,-0.5,-0.032,,-5.7,-1.4,-7.1,-1.0,smithis01
449,Jabari Smith Jr.,PF,20,HOU,45,1408,13.6,.582,.420,.206,6.6,22.0,14.3,6.4,1.0,2.1,9.5,17.3,,1.2,2.1,3.3,.113,,-0.9,0.3,-0.6,0.5,smithja05
450,Jalen Smith,C,23,IND,38,689,20.9,.727,.360,.253,10.1,25.2,17.6,7.6,0.7,2.9,9.9,18.8,,2.1,0.5,2.6,.179,,3.4,-0.7,2.8,0.8,smithja04
451,Nick Smith Jr.,SG,19,CHO,35,548,8.6,.538,.507,.024,3.1,7.6,5.2,11.1,0.6,1.2,12.2,18.9,,-0.2,0.0,-0.3,-0.024,,-2.5,-2.8,-5.3,-0.5,smithni01
452,Terquavion Smith,PG,21,PHI,8,49,24.8,.607,.733,.100,0.0,4.5,2.3,33.3,5.9,0.0,8.7,29.8,,0.1,0.1,0.2,.205,,8.2,2.7,11.0,0.2,smithte01
453,Jeremy Sochan,PF,20,SAS,52,1532,11.1,.518,.283,.194,6.6,15.9,11.2,17.3,1.1,1.3,15.2,18.5,,-0.3,0.9,0.6,.019,,-2.7,-1.1,-3.8,-0.7,sochaje01
454,Jaden Springer,SG,21,PHI,32,377,10.5,.481,.314,.288,7.3,9.7,8.5,12.3,3.2,2.6,16.4,18.0,,-0.3,0.5,0.3,.036,,-4.5,1.0,-3.4,-0.1,sprinja01
455,Lamar Stevens,PF,26,BOS,19,122,14.3,.532,.178,.244,10.9,15.7,13.4,9.1,2.4,3.6,15.3,20.7,,0.0,0.2,0.2,.092,,-3.1,0.9,-2.2,0.0,stevela01
456,Isaiah Stewart,PF,22,DET,35,1070,11.0,.579,.434,.235,6.5,18.8,12.5,7.7,0.6,2.1,13.9,15.3,,0.5,0.4,0.9,.041,,-1.9,-1.0,-2.8,-0.2,stewais01
457,Julian Strawther,SF,21,DEN,33,458,9.3,.500,.622,.124,1.0,10.8,6.0,10.4,1.7,1.1,7.1,20.0,,-0.1,0.5,0.3,.036,,-3.9,-1.0,-5.0,-0.3,strawju01
458,Max Strus,SF,27,CLE,50,1621,10.9,.536,.662,.117,2.9,14.0,8.6,15.0,1.4,1.3,11.6,17.3,,0.5,2.4,3.0,.088,,-1.6,1.0,-0.6,0.6,strusma01
459,Jalen Suggs,SG,22,ORL,48,1285,12.5,.573,.534,.204,3.0,11.3,7.1,13.3,2.6,2.1,14.8,20.1,,0.1,2.0,2.1,.079,,-1.7,1.4,-0.4,0.5,suggsja01
460,Cole Swider,SF,24,MIA,9,44,10.4,.548,.714,.000,2.5,2.6,2.6,11.0,1.1,2.2,12.5,24.1,,0.0,0.0,0.0,-0.011,,0.2,-1.7,-1.5,0.0,swideco01
461,Jae'Sean Tate,SF,28,HOU,47,839,9.4,.549,.369,.156,5.9,14.3,10.1,8.2,1.8,1.0,9.5,10.8,,0.6,1.2,1.8,.101,,-3.6,1.6,-2.0,0.0,tateja01
462,Jayson Tatum,PF,25,BOS,48,1716,21.6,.601,.435,.353,2.8,21.2,12.4,19.9,1.4,1.3,10.4,30.0,,3.5,2.8,6.3,.176,,4.0,0.8,4.8,2.9,tatumja01
463,Terry Taylor,PF,24,CHI,18,131,9.9,.563,.250,.036,11.7,11.4,11.5,6.2,1.5,1.6,19.8,11.9,,0.0,0.1,0.2,.060,,-3.9,0.0,-3.8,-0.1,taylote01
464,Garrett Temple,SG,37,TOR,15,66,9.5,.486,.429,.286,8.2,10.2,9.2,11.9,2.2,0.0,14.5,18.0,,0.0,0.0,0.0,.015,,-3.9,-1.5,-5.4,-0.1,templga01
465,Dalen Terry,SG,21,CHI,32,311,8.0,.483,.567,.328,3.5,15.5,9.4,15.8,1.4,2.6,18.1,13.2,,-0.1,0.3,0.2,.036,,-4.7,1.1,-3.6,-0.1,terryda01
466,Daniel Theis,C,31,TOT,39,666,14.4,.599,.206,.228,10.3,14.0,12.2,8.0,1.3,4.6,11.1,15.3,,1.0,0.8,1.8,.131,,-1.7,0.5,-1.2,0.1,theisda01
466,Daniel Theis,C,31,IND,1,8,-6.8,.250,.250,.000,0.0,0.0,0.0,0.0,0.0,0.0,0.0,20.8,,0.0,0.0,0.0,-0.263,,-13.3,-7.4,-20.6,0.0,theisda01
466,Daniel Theis,C,31,LAC,38,658,14.6,.606,.205,.232,10.4,14.1,12.3,8.1,1.3,4.6,11.3,15.2,,1.0,0.8,1.9,.136,,-1.5,0.6,-0.9,0.2,theisda01
467,Cam Thomas,SG,22,BRK,42,1241,15.3,.546,.312,.280,1.2,9.7,5.3,14.2,1.1,0.9,8.4,30.8,,0.3,0.7,1.0,.038,,-0.3,-2.0,-2.3,-0.1,thomaca02
468,Amen Thompson,SF,21,HOU,31,536,15.7,.542,.215,.384,8.3,21.6,14.9,19.1,2.9,2.4,16.6,19.3,,0.2,1.1,1.2,.112,,-1.7,2.7,1.0,0.4,thompam01
469,Ausar Thompson,SF,21,DET,51,1212,12.9,.518,.217,.255,10.0,21.3,15.5,10.6,1.9,3.3,14.1,16.6,,0.1,1.1,1.2,.047,,-2.9,0.4,-2.6,-0.2,thompau01
470,Klay Thompson,SF,33,GSW,46,1416,12.4,.559,.603,.137,1.9,10.3,6.1,10.8,0.9,1.6,9.3,23.1,,0.7,0.9,1.6,.053,,0.2,-1.6,-1.4,0.2,thompkl01
471,Tristan Thompson,PF,32,CLE,36,446,14.3,.600,.011,.447,15.0,19.6,17.3,12.0,0.9,2.2,17.0,13.1,,0.6,0.7,1.3,.144,,-1.8,1.0,-0.9,0.1,thomptr01
472,JT Thor,PF,21,CHO,41,556,7.2,.445,.435,.094,7.3,14.4,10.6,4.0,0.7,2.8,7.1,12.1,,-0.2,0.1,-0.1,-0.007,,-4.3,-1.7,-6.0,-0.6,thorjt01
473,Matisse Thybulle,SF,26,POR,49,1137,10.2,.554,.779,.077,1.9,7.8,4.7,7.6,3.4,3.1,9.7,10.1,,0.4,1.3,1.7,.073,,-2.8,3.1,0.3,0.7,thybuma01
474,Xavier Tillman Sr.,C,25,MEM,34,700,11.7,.440,.249,.202,8.5,16.5,12.3,12.0,2.9,4.6,11.1,16.0,,-0.6,1.2,0.7,.045,,-3.9,2.2,-1.6,0.1,tillmxa01
475,Jacob Toppin,SF,23,NYK,4,15,12.2,.500,.500,.000,7.4,7.3,7.4,16.6,0.0,6.2,0.0,5.7,,0.0,0.0,0.0,.139,,0.3,0.5,0.7,0.0,toppija01
476,Obi Toppin,PF,25,IND,53,1200,15.2,.665,.418,.180,5.4,14.4,9.9,9.1,1.0,1.7,9.5,16.3,,2.3,0.5,2.8,.112,,1.1,-0.9,0.1,0.7,toppiob01
477,Juan Toscano-Anderson,SF,30,SAC,11,53,2.5,.292,.333,.000,8.3,21.8,14.9,8.9,0.9,1.7,14.3,11.2,,-0.1,0.1,0.0,-0.030,,-8.9,-0.7,-9.6,-0.1,toscaju01
478,Karl-Anthony Towns,PF,28,MIN,51,1692,19.2,.636,.333,.301,5.3,23.0,14.7,14.6,1.0,1.7,13.9,27.4,,2.4,3.1,5.6,.159,,1.9,1.0,2.9,2.1,townska01
479,Gary Trent Jr.,SG,25,TOR,46,1204,10.7,.553,.559,.090,1.1,8.3,4.6,7.6,1.7,0.4,5.9,18.7,,0.3,0.6,0.9,.034,,-1.8,-1.3,-3.1,-0.3,trentga02
480,Oscar Tshiebwe,PF,24,IND,6,34,24.8,.563,.000,.375,20.1,20.3,20.2,7.9,2.8,0.0,0.0,22.8,,0.1,0.0,0.2,.218,,5.2,-2.2,2.9,0.0,tshieos01
481,P.J. Tucker,PF,38,TOT,15,239,5.4,.492,.842,.158,7.9,12.4,10.1,3.8,1.8,1.1,16.4,4.4,,0.1,0.3,0.4,.079,,-4.3,0.9,-3.4,-0.1,tuckepj01
481,P.J. Tucker,PF,38,PHI,3,66,4.6,.600,1.000,.000,1.7,21.8,11.7,0.0,2.2,2.7,28.6,4.5,,0.0,0.1,0.1,.052,,-5.2,1.1,-4.1,0.0,tuckepj01
481,P.J. Tucker,PF,38,LAC,12,173,5.7,.457,.786,.214,10.2,8.9,9.5,5.3,1.7,0.5,11.5,4.4,,0.2,0.2,0.3,.090,,-4.0,0.9,-3.1,0.0,tuckepj01
482,Myles Turner,C,27,IND,50,1363,18.4,.614,.341,.355,6.8,22.4,14.5,6.4,0.9,5.2,9.4,23.3,,2.1,1.2,3.3,.116,,0.2,-0.5,-0.2,0.6,turnemy01
483,Hunter Tyson,PF,23,DEN,9,27,-9.0,.143,.857,.000,0.0,24.3,12.4,4.2,0.0,0.0,22.2,14.5,,-0.2,0.0,-0.1,-0.229,,-15.7,-3.0,-18.7,-0.1,tysonhu01
484,Stanley Umude,SG,24,DET,16,184,13.0,.711,.596,.462,1.8,16.9,9.2,5.9,1.0,2.2,15.0,16.9,,0.3,0.1,0.4,.100,,-0.2,-0.1,-0.3,0.1,umudest01
485,Jonas Valančiūnas,C,31,NOP,51,1318,21.0,.634,.176,.307,11.5,29.4,20.5,13.3,0.9,3.9,10.9,20.5,,3.3,2.2,5.4,.198,,1.7,0.7,2.4,1.5,valanjo01
486,Jarred Vanderbilt,PF,24,LAL,29,581,11.5,.578,.237,.316,8.1,17.8,13.2,7.9,2.9,0.8,17.7,11.7,,0.2,0.8,1.1,.088,,-3.2,1.4,-1.8,0.0,vandeja01
487,Fred VanVleet,PG,29,HOU,47,1727,16.0,.557,.570,.224,1.1,10.0,5.5,31.4,1.5,2.5,9.7,19.1,,2.9,2.2,5.1,.143,,2.4,1.0,3.4,2.3,vanvlfr01
488,Devin Vassell,SG,23,SAS,47,1490,15.9,.585,.459,.214,1.2,11.3,6.2,17.2,1.6,0.7,7.9,23.3,,1.5,0.8,2.3,.073,,1.1,-1.3,-0.1,0.7,vassede01
489,Sasha Vezenkov,PF,28,SAC,34,424,13.8,.580,.608,.082,7.8,15.3,11.4,4.5,1.7,1.5,6.3,17.5,,0.4,0.4,0.8,.094,,0.0,-1.1,-1.1,0.1,vezenal01
490,Gabe Vincent,PG,27,LAL,5,127,6.0,.411,.531,.063,1.8,2.5,2.2,14.9,2.2,0.0,5.7,11.8,,-0.1,0.1,0.0,.013,,-5.7,1.4,-4.2,-0.1,vincega01
491,Nikola Vučević,C,33,CHI,47,1606,17.3,.533,.264,.100,8.2,26.6,17.1,16.0,1.0,2.7,8.5,22.8,,1.3,2.1,3.4,.101,,0.3,-0.2,0.1,0.8,vucevni01
492,Dean Wade,PF,27,CLE,43,917,10.3,.611,.870,.099,4.1,17.7,11.0,4.9,1.9,1.6,8.7,10.4,,0.8,1.6,2.4,.128,,-1.7,2.2,0.5,0.6,wadede01
493,Franz Wagner,SF,22,ORL,44,1455,18.0,.573,.308,.268,3.9,16.2,9.9,20.2,1.6,1.0,9.9,26.3,,1.9,2.0,3.9,.127,,1.5,0.3,1.8,1.4,wagnefr01
494,Moritz Wagner,C,26,ORL,50,938,19.4,.657,.213,.383,9.3,18.7,13.9,11.0,1.3,1.6,12.1,22.3,,2.1,1.3,3.4,.174,,1.1,0.3,1.4,0.8,wagnemo01
495,Ish Wainright,SF,29,POR,7,46,10.1,.530,.889,.111,0.0,23.5,11.1,0.0,2.1,2.0,5.0,18.4,,0.0,0.1,0.0,.049,,-1.4,0.6,-0.8,0.0,wainris01
496,Jabari Walker,SF,21,POR,47,1037,13.4,.558,.312,.364,9.5,24.6,16.6,5.7,1.4,1.7,11.2,16.5,,0.8,1.1,1.8,.085,,-2.5,-0.7,-3.2,-0.3,walkeja01
497,Jarace Walker,PF,20,IND,17,173,13.0,.536,.485,.106,5.3,14.0,9.6,14.2,2.4,2.7,12.6,19.0,,0.0,0.1,0.2,.054,,-0.6,0.1,-0.5,0.1,walkeja02
498,Lonnie Walker IV,SG,25,BRK,31,583,16.8,.612,.545,.150,1.4,10.9,6.0,13.2,1.8,1.5,9.8,24.7,,0.6,0.5,1.1,.088,,2.1,-0.5,1.5,0.5,walkelo01
499,Cason Wallace,SG,20,OKC,51,1069,11.4,.633,.533,.092,3.4,8.2,5.9,8.3,1.6,1.9,8.1,12.0,,1.4,1.2,2.6,.116,,-1.0,0.5,-0.5,0.4,wallaca01
500,Jordan Walsh,SF,19,BOS,3,15,14.1,.500,.500,.000,7.4,33.6,21.1,16.1,3.3,0.0,0.0,5.7,,0.0,0.0,0.1,.213,,-2.3,5.9,3.5,0.0,walshjo01
501,P.J. Washington,PF,25,CHO,44,1286,12.8,.545,.479,.185,4.4,16.6,10.1,11.2,1.4,2.3,10.7,20.8,,0.0,0.6,0.6,.023,,-1.7,-1.2,-3.0,-0.3,washipj01
502,TyTy Washington Jr.,PG,22,MIL,2,6,0.5,.500,.667,.000,0.0,17.8,9.2,0.0,7.9,0.0,40.0,35.4,,-0.1,0.0,0.0,-0.368,,-11.4,0.3,-11.1,0.0,washity02
503,Yuta Watanabe,SF,29,PHO,29,382,5.4,.502,.773,.155,3.5,9.7,6.8,3.3,1.2,1.6,13.4,13.6,,-0.3,0.3,0.0,.002,,-4.7,-1.4,-6.1,-0.4,watanyu01
504,Lindy Waters III,SG,26,OKC,21,153,9.9,.630,.935,.000,0.8,13.3,7.3,9.1,0.0,1.8,8.0,14.2,,0.2,0.1,0.3,.092,,-1.0,-1.3,-2.3,0.0,waterli01
505,Trendon Watford,PF,23,BRK,36,426,16.9,.599,.204,.217,7.6,17.8,12.5,18.8,1.7,1.9,13.1,19.8,,0.7,0.4,1.1,.124,,-0.3,1.0,0.7,0.3,watfotr01
506,Peyton Watson,SF,21,DEN,50,912,12.7,.567,.379,.246,3.9,13.5,8.8,7.4,1.5,4.1,8.8,16.2,,0.6,1.2,1.8,.096,,-1.8,0.6,-1.2,0.2,watsope01
507,Victor Wembanyama,C,20,SAS,46,1307,21.5,.558,.304,.295,8.2,30.6,19.2,18.1,1.9,9.3,15.9,31.9,,-1.0,2.4,1.4,.052,,0.7,2.1,2.7,1.6,wembavi01
508,Blake Wesley,SG,20,SAS,31,379,11.0,.531,.219,.313,2.2,8.1,5.1,28.8,2.0,0.9,15.5,14.3,,0.2,0.2,0.5,.059,,-4.0,-0.1,-4.1,-0.2,weslebl01
509,Russell Westbrook,PG,35,LAC,50,1140,16.9,.525,.238,.236,7.7,19.3,13.7,29.3,2.4,1.7,16.7,24.7,,0.4,1.7,2.1,.089,,0.4,1.1,1.4,1.0,westbru01
510,Coby White,PG,23,CHI,52,1878,15.3,.594,.478,.219,1.6,13.3,7.3,21.8,0.9,0.7,12.0,22.6,,2.4,1.4,3.8,.097,,1.2,-1.0,0.2,1.0,whiteco01
511,Derrick White,SG,29,BOS,47,1509,16.9,.611,.573,.209,2.4,10.4,6.6,20.5,1.5,3.3,11.0,19.4,,3.0,2.2,5.2,.166,,2.2,1.5,3.8,2.2,whitede01
512,Cam Whitmore,SF,19,HOU,27,458,18.1,.584,.463,.236,4.5,18.9,11.7,4.3,1.9,1.2,6.5,27.2,,0.3,0.7,1.0,.108,,1.5,-0.4,1.1,0.4,whitmca01
513,Aaron Wiggins,SG,25,OKC,48,678,15.3,.694,.367,.171,5.9,12.6,9.4,9.1,1.6,0.7,10.8,15.4,,1.4,0.8,2.2,.154,,0.8,-0.2,0.6,0.4,wiggiaa01
514,Andrew Wiggins,SF,28,GSW,44,1186,11.0,.522,.294,.245,6.6,10.8,8.7,8.4,0.8,1.8,9.7,20.4,,0.2,0.8,1.0,.040,,-2.4,-1.6,-4.0,-0.6,wiggian01
515,Lindell Wigginton,PG,25,MIL,3,8,5.5,.510,.400,.400,0.0,0.0,0.0,0.0,0.0,0.0,14.5,36.5,,0.0,0.0,0.0,-0.159,,-14.7,-9.2,-23.9,0.0,wiggili01
516,Brandon Williams,PG,24,DAL,9,48,16.5,.525,.333,.611,4.5,7.0,5.7,28.9,1.0,1.8,8.1,22.1,,0.1,0.0,0.1,.102,,1.9,-1.5,0.4,0.0,willibr03
517,Grant Williams,PF,25,DAL,47,1242,8.2,.560,.662,.174,4.0,11.0,7.5,8.3,0.9,1.9,13.4,13.6,,0.3,0.8,1.1,.042,,-2.6,-0.7,-3.4,-0.4,willigr01
518,Jalen Williams,PF,22,OKC,45,1440,18.1,.624,.238,.241,2.0,11.7,7.1,20.3,1.6,1.4,10.3,22.9,,2.8,1.7,4.5,.150,,1.6,0.2,1.8,1.4,willija06
519,Jaylin Williams,C,21,OKC,43,527,11.7,.522,.634,.134,5.4,23.3,14.8,13.2,1.6,2.8,10.7,13.9,,0.3,0.9,1.2,.113,,-1.5,1.8,0.3,0.3,willija07
520,Jeenathan Williams,SG,24,HOU,7,55,12.2,.496,.130,.217,9.9,2.0,5.9,8.1,1.8,0.0,3.8,20.4,,0.0,0.1,0.1,.076,,-2.4,-0.8,-3.3,0.0,willije02
521,Kenrich Williams,PF,29,OKC,40,608,11.3,.557,.519,.063,6.2,14.8,10.7,10.3,2.0,0.9,9.0,12.8,,0.5,0.8,1.4,.108,,-1.3,0.6,-0.7,0.2,willike04
522,Mark Williams,C,22,CHO,19,508,22.2,.675,.000,.424,15.9,25.3,20.3,6.6,1.5,3.6,8.7,16.8,,1.6,0.4,2.0,.185,,1.4,-0.9,0.5,0.3,willima07
523,Patrick Williams,PF,22,CHI,43,1174,10.9,.553,.412,.184,4.3,11.7,7.9,7.8,1.7,2.9,12.8,16.6,,0.1,1.2,1.3,.053,,-2.4,0.0,-2.3,-0.1,willipa01
524,Robert Williams,C,26,POR,6,119,17.1,.684,.000,.346,9.9,27.3,18.0,6.3,2.9,5.3,18.9,13.2,,0.1,0.2,0.4,.143,,-2.4,2.9,0.5,0.1,williro04
525,Vince Williams Jr.,SG,23,MEM,40,1028,12.8,.603,.617,.335,5.2,19.1,11.9,13.7,1.5,2.2,14.3,14.9,,1.0,1.3,2.3,.107,,-1.6,1.0,-0.6,0.4,willivi01
526,Ziaire Williams,SF,22,MEM,44,828,9.0,.506,.506,.192,3.8,16.4,9.9,11.7,1.6,1.0,14.6,20.3,,-0.9,1.0,0.0,.001,,-4.3,-0.4,-4.7,-0.6,willizi02
527,Zion Williamson,PF,23,NOP,41,1244,22.5,.619,.018,.462,6.3,13.5,9.9,25.9,1.5,1.4,12.3,28.8,,2.8,1.4,4.2,.163,,3.4,0.3,3.7,1.8,willizi01
528,Jalen Wilson,PF,23,BRK,13,162,16.2,.605,.298,.404,10.3,10.3,10.3,11.8,1.5,0.6,6.7,15.6,,0.4,0.1,0.5,.156,,1.1,-0.7,0.4,0.1,wilsoja03
529,Dylan Windler,SF,27,TOT,6,16,27.2,.857,.857,.000,0.0,20.2,10.4,31.1,0.0,0.0,0.0,18.8,,0.1,0.0,0.1,.348,,11.0,3.3,14.2,0.1,windldy01
529,Dylan Windler,SF,27,NYK,3,7,15.3,.750,1.000,.000,0.0,15.7,7.9,19.6,0.0,0.0,0.0,12.2,,0.0,0.0,0.0,.237,,3.6,3.9,7.5,0.0,windldy01
529,Dylan Windler,SF,27,LAL,3,9,36.4,.900,.800,.000,0.0,23.7,12.3,40.1,0.0,0.0,0.0,24.0,,0.1,0.0,0.1,.435,,16.7,2.7,19.4,0.1,windldy01
530,James Wiseman,C,22,DET,32,447,15.3,.684,.017,.311,11.1,20.8,15.9,6.1,0.4,3.9,16.1,15.3,,0.7,0.3,0.9,.098,,-2.1,-1.2,-3.3,-0.2,wisemja01
531,Christian Wood,PF,28,LAL,47,836,12.1,.565,.433,.372,5.1,26.5,16.2,7.6,0.9,3.4,14.3,17.3,,-0.1,1.1,1.1,.061,,-2.9,0.0,-2.9,-0.2,woodch01
532,Delon Wright,PG,31,WAS,29,438,14.0,.500,.310,.233,2.9,10.9,6.8,22.1,3.6,1.3,7.3,13.3,,0.4,0.4,0.8,.089,,-2.1,2.2,0.2,0.2,wrighde01
533,Thaddeus Young,PF,35,TOR,23,350,16.0,.618,.069,.138,9.0,14.8,11.9,19.5,2.5,0.7,10.7,12.7,,0.7,0.3,1.1,.144,,-0.3,1.0,0.7,0.2,youngth01
534,Trae Young,PG,25,ATL,46,1684,20.7,.586,.454,.395,1.3,7.1,4.1,44.1,1.9,0.5,15.8,30.7,,3.7,0.4,4.2,.118,,5.3,-2.1,3.2,2.2,youngtr01
535,Omer Yurtseven,C,25,UTA,28,267,10.7,.507,.185,.136,14.9,28.3,21.7,6.6,0.7,3.6,21.8,17.1,,-0.2,0.3,0.1,.010,,-4.6,-0.9,-5.5,-0.2,yurtsom01
536,Cody Zeller,C,31,NOP,36,289,11.5,.468,.057,.660,14.6,21.7,18.2,14.3,1.3,1.4,16.0,12.1,,0.3,0.4,0.7,.108,,-3.2,0.4,-2.8,-0.1,zelleco01
537,Ivica Zubac,C,26,LAC,40,1069,19.4,.668,.000,.342,13.9,26.1,20.2,6.5,0.4,4.4,10.8,16.6,,2.7,1.5,4.2,.189,,0.8,-0.1,0.7,0.7,zubaciv01
